Date,topic_coherence,topic_coherence_diff,recon_ratio
04/01/2012,0.744901466,0.898952663,0.002581067
05/01/2012,0.644984531,0.845905602,0.004650521
06/01/2012,0.729873419,0.811648667,0.005132486
09/01/2012,0.670429611,0.847775817,0.009599855
10/01/2012,0.686795902,0.872777164,0.002024162
11/01/2012,0.718496895,0.791292548,0.004318067
12/01/2012,0.692304659,0.861695647,0.005540959
13/01/2012,0.670780849,0.836149096,0.004675176
17/01/2012,0.676234531,0.899005055,0.009481496
18/01/2012,0.64270134,0.845064044,0.001768921
19/01/2012,0.640202713,0.832518458,0.005027989
20/01/2012,0.699391747,0.883059323,0.005112864
23/01/2012,0.698390007,0.873207211,0.007394573
24/01/2012,0.69487505,0.88232851,0.003342304
25/01/2012,0.688854408,0.836113095,0.002590341
26/01/2012,0.74348774,0.884469509,0.004323621
27/01/2012,0.651157951,0.824138343,0.006766531
30/01/2012,0.757409,0.840699196,0.00728666
31/01/2012,0.667845631,0.905615509,0.00458444
01/02/2012,0.663271332,0.842053235,0.006601017
02/02/2012,0.65708704,0.836737037,0.00492432
03/02/2012,0.729683304,0.834358394,0.005070128
06/02/2012,0.646409512,0.846331418,0.008563654
07/02/2012,0.698731136,0.817079723,0.000521682
08/02/2012,0.669921494,0.84659785,0.006816387
09/02/2012,0.715121555,0.841560543,0.005435244
10/02/2012,0.734386063,0.899389088,0.00516347
13/02/2012,0.692968035,0.907563508,0.009692502
14/02/2012,0.62433424,0.838951468,0.000581779
15/02/2012,0.748769474,0.827829361,0.00684441
16/02/2012,0.754900837,0.881618202,0.00560249
17/02/2012,0.690968323,0.855767071,0.007447738
21/02/2012,0.684988976,0.896013439,0.0086313
22/02/2012,0.632399559,0.894434929,0.002075814
23/02/2012,0.732349777,0.777095437,0.004512976
24/02/2012,0.737199402,0.802002251,0.00398531
27/02/2012,0.789529228,0.829336941,0.009049378
28/02/2012,0.694547844,0.890363395,0.00214936
29/02/2012,0.679498863,0.84705162,0.004697188
01/03/2012,0.688055897,0.828178108,0.00291914
02/03/2012,0.7633461,0.836395621,0.005704224
05/03/2012,0.736862993,0.888314366,0.009269233
06/03/2012,0.675224113,0.893343747,0.000433147
07/03/2012,0.779385757,0.839358628,0.004591351
08/03/2012,0.683067417,0.801597118,0.002159076
09/03/2012,0.717559576,0.864867806,0.006040798
12/03/2012,0.751239729,0.890494227,0.009208899
13/03/2012,0.72454896,0.859797001,0.002716878
14/03/2012,0.680815029,0.839653373,0.003917661
15/03/2012,0.753236675,0.849608064,0.005021995
16/03/2012,0.658263445,0.876513779,0.005301799
19/03/2012,0.683289146,0.851606488,0.00959283
20/03/2012,0.699289179,0.880172133,0.002291081
21/03/2012,0.640408134,0.840439618,0.005063433
22/03/2012,0.71685276,0.827165604,0.004712427
23/03/2012,0.757175589,0.85578382,0.005413095
26/03/2012,0.758072519,0.895774364,0.007951113
27/03/2012,0.736011887,0.897915065,0.003850669
28/03/2012,0.736278534,0.904836774,0.005949103
29/03/2012,0.745571709,0.883961678,0.007343484
30/03/2012,0.735593796,0.874687076,0.005211176
02/04/2012,0.810150337,0.880709052,0.010031755
03/04/2012,0.728228045,0.903165936,0.00262251
04/04/2012,0.665596008,0.853194237,0.006027777
05/04/2012,0.71437645,0.858557045,0.004211858
09/04/2012,0.704580736,0.889053524,0.010433455
10/04/2012,0.724352074,0.880086541,0.002988355
11/04/2012,0.613336658,0.855193615,0.003744499
12/04/2012,0.706652021,0.831676662,0.00501231
13/04/2012,0.672092819,0.862468064,0.002994463
16/04/2012,0.778705215,0.870203137,0.009330506
17/04/2012,0.725108147,0.885719895,0.003654152
18/04/2012,0.704385948,0.887988925,0.006141656
19/04/2012,0.731846046,0.895171165,0.005396803
20/04/2012,0.708509636,0.865805626,0.003321957
23/04/2012,0.748848009,0.867447734,0.008948549
24/04/2012,0.651211548,0.880083084,0.002761122
25/04/2012,0.726443195,0.82025516,0.006452404
26/04/2012,0.720111656,0.851233363,0.00403246
27/04/2012,0.693012953,0.881097972,0.006551542
30/04/2012,0.784931183,0.895291209,0.009660253
01/05/2012,0.732492733,0.902371228,0.003427303
02/05/2012,0.697533369,0.866167724,0.00546866
03/05/2012,0.67869463,0.85301888,0.006059905
04/05/2012,0.713838673,0.863891721,0.005331013
07/05/2012,0.709189796,0.859975517,0.008369688
08/05/2012,0.697364616,0.860662103,-0.00355769
09/05/2012,0.629181671,0.888406575,0.003777386
10/05/2012,0.663071632,0.888162434,0.005527925
11/05/2012,0.638525963,0.851184845,0.004907899
14/05/2012,0.72618742,0.854685485,0.007341394
15/05/2012,0.686192131,0.921962559,0.004294361
16/05/2012,0.677740812,0.890637398,0.006019128
17/05/2012,0.639393711,0.906720161,0.005431351
18/05/2012,0.680319977,0.861042976,0.008719093
21/05/2012,0.716462708,0.858722508,0.007561642
22/05/2012,0.694020033,0.898011386,0.002475053
23/05/2012,0.670948315,0.879820168,0.005770002
24/05/2012,0.731679726,0.885632873,0.006777821
25/05/2012,0.689951515,0.892272592,0.006375218
29/05/2012,0.750733948,0.87951839,0.008084407
30/05/2012,0.703705406,0.770052493,0.000880919
31/05/2012,0.75003643,0.836714089,0.005549556
01/06/2012,0.661726189,0.871408582,0.008229494
04/06/2012,0.717980385,0.837199807,0.008715053
05/06/2012,0.725278711,0.899922371,0.003518701
06/06/2012,0.678540421,0.862879872,0.007556551
07/06/2012,0.752990913,0.844508946,0.005362458
08/06/2012,0.716790199,0.881709456,0.00665548
11/06/2012,0.690848732,0.933605492,0.009316998
12/06/2012,0.69428196,0.912965953,0.003281698
13/06/2012,0.688380241,0.898551941,0.005437303
14/06/2012,0.705737019,0.90622437,0.005758466
15/06/2012,0.674979925,0.841956258,0.005109268
18/06/2012,0.694643974,0.867128193,0.00682394
19/06/2012,0.719431686,0.857962728,0.001962674
20/06/2012,0.690414333,0.89392519,0.007700106
21/06/2012,0.719667625,0.850189805,0.00389239
22/06/2012,0.646634293,0.834052265,0.003586636
25/06/2012,0.64337883,0.841973424,0.008566808
26/06/2012,0.670114231,0.876095653,0.002363122
27/06/2012,0.670895767,0.927308261,0.007912643
28/06/2012,0.607416916,0.873624623,0.004853475
29/06/2012,0.636650467,0.843369842,0.003605858
02/07/2012,0.687183952,0.834200382,0.008332939
05/07/2012,0.656735516,0.852115035,0.005167465
06/07/2012,0.645515823,0.842205644,0.001838332
09/07/2012,0.694625425,0.853561282,0.010217733
10/07/2012,0.682856607,0.851296067,0.005710656
11/07/2012,0.686945534,0.854385197,0.00700824
12/07/2012,0.74119339,0.881953359,0.005547562
13/07/2012,0.708387518,0.873208225,0.007961872
16/07/2012,0.749175358,0.887684643,0.00915316
17/07/2012,0.697763062,0.877416134,0.001457236
18/07/2012,0.678142357,0.881270885,0.005843592
19/07/2012,0.589920425,0.89389956,0.00530654
20/07/2012,0.580147362,0.805656731,0.003928631
23/07/2012,0.649276543,0.865584731,0.008304625
24/07/2012,0.6856987,0.844931483,0.00265645
25/07/2012,0.693869781,0.887441814,0.006234658
26/07/2012,0.732374382,0.861779571,0.006401802
27/07/2012,0.690688133,0.831946075,0.006048464
30/07/2012,0.69761219,0.823896229,0.008940439
31/07/2012,0.721126175,0.853217721,0.003516572
01/08/2012,0.709929276,0.866570175,0.005914581
02/08/2012,0.717102623,0.847866356,0.006619699
03/08/2012,0.640266514,0.859017372,0.004975547
06/08/2012,0.720043278,0.829557717,0.007543868
07/08/2012,0.655710793,0.872056842,0.002617644
08/08/2012,0.667474747,0.855743527,0.006647811
09/08/2012,0.757502365,0.857957482,0.007059955
10/08/2012,0.679932022,0.862383008,0.006361503
13/08/2012,0.689569092,0.852155209,0.007453957
14/08/2012,0.608199692,0.871490598,0.001941953
15/08/2012,0.663353348,0.806173682,0.006052274
16/08/2012,0.666590595,0.859089851,0.008402698
17/08/2012,0.656438828,0.807138324,0.005301305
20/08/2012,0.79108181,0.859380722,0.007938636
21/08/2012,0.682556343,0.903313041,0.003516187
22/08/2012,0.701345158,0.923637569,0.005768595
23/08/2012,0.728733826,0.890026748,0.006159517
24/08/2012,0.640122414,0.842871308,0.004452672
27/08/2012,0.617189693,0.817973316,0.008620523
28/08/2012,0.695233536,0.802571654,0.003038511
29/08/2012,0.691047955,0.858113408,0.005031332
30/08/2012,0.638899899,0.884492695,0.005343262
31/08/2012,0.715267849,0.877405047,0.005550889
04/09/2012,0.786966896,0.863911033,0.006662
05/09/2012,0.71305933,0.88347733,0.002742319
06/09/2012,0.66903038,0.880084872,0.005009806
07/09/2012,0.694883347,0.856087565,0.003989371
10/09/2012,0.769009399,0.872905731,0.007712379
11/09/2012,0.738872242,0.870605826,0.002943208
12/09/2012,0.632020807,0.869969368,0.00516212
13/09/2012,0.62932663,0.837902069,0.004398367
14/09/2012,0.674623108,0.864557385,0.003596012
17/09/2012,0.758564568,0.872989357,0.007299745
18/09/2012,0.743625736,0.914532483,0.002542162
19/09/2012,0.716414976,0.917774796,0.008351956
20/09/2012,0.692518425,0.909066021,0.007787513
21/09/2012,0.722800255,0.88847208,0.005334467
24/09/2012,0.73120203,0.886741042,0.009091593
25/09/2012,0.700809669,0.870886207,0.001515252
26/09/2012,0.776055336,0.89059031,0.007004827
27/09/2012,0.698797417,0.920989037,0.006488293
28/09/2012,0.725807762,0.884009361,0.00779109
01/10/2012,0.800887012,0.8988657,0.008287469
02/10/2012,0.737620354,0.85214901,0.002800508
03/10/2012,0.718721676,0.839053929,0.005818027
04/10/2012,0.690163422,0.860280216,0.006868046
05/10/2012,0.705315781,0.843987107,0.002690784
08/10/2012,0.783225441,0.817560315,0.01210113
09/10/2012,0.670943451,0.897612691,0.003113528
10/10/2012,0.704811287,0.843039632,0.003449744
11/10/2012,0.698714828,0.879943848,0.007598247
12/10/2012,0.701058006,0.89100039,0.003071769
15/10/2012,0.710571384,0.853697121,0.005880786
16/10/2012,0.67019248,0.868454337,0.00283482
17/10/2012,0.775025845,0.844373703,0.004348813
18/10/2012,0.683620739,0.886194706,0.001998152
19/10/2012,0.663493252,0.867636561,0.006726391
22/10/2012,0.710731888,0.840858638,0.007226813
23/10/2012,0.736479187,0.895009816,0.005084865
24/10/2012,0.725650311,0.863803744,0.00314926
25/10/2012,0.723382282,0.82651794,0.006248217
26/10/2012,0.689669228,0.860949337,0.005542222
31/10/2012,0.740583611,0.806711853,0.00551853
01/11/2012,0.689862061,0.861995995,0.001854976
02/11/2012,0.69511795,0.833313942,0.006659614
05/11/2012,0.70166049,0.834955037,0.006725485
06/11/2012,0.745256901,0.897673309,0.004125152
07/11/2012,0.730527496,0.9023875,0.007991899
08/11/2012,0.693332005,0.820512474,0.002811216
09/11/2012,0.724177361,0.844061971,0.006475765
12/11/2012,0.718567944,0.822454929,0.008288084
13/11/2012,0.700052166,0.888187408,0.002972176
14/11/2012,0.709639072,0.854641616,0.005171366
15/11/2012,0.659132004,0.851287484,0.006135617
16/11/2012,0.636049938,0.858804703,0.006302968
19/11/2012,0.681502724,0.864266038,0.005781279
20/11/2012,0.640054703,0.888254464,0.003023493
21/11/2012,0.640782738,0.848565459,0.005510071
26/11/2012,0.728614616,0.861864865,0.006195772
27/11/2012,0.740379095,0.86343348,0.000598215
28/11/2012,0.740916634,0.862656713,0.005658089
29/11/2012,0.686673355,0.87779808,0.009103745
30/11/2012,0.718759823,0.844575584,0.0052592
03/12/2012,0.692444229,0.855700374,0.007524323
04/12/2012,0.735389328,0.891906381,0.001585678
05/12/2012,0.705228901,0.897776604,0.006714758
06/12/2012,0.722491837,0.88648206,0.005915708
07/12/2012,0.78361187,0.870069861,0.004869527
10/12/2012,0.715829468,0.892926395,0.010858473
11/12/2012,0.735583687,0.889312088,0.0029608
12/12/2012,0.672793436,0.830031037,0.005151029
13/12/2012,0.768306923,0.813157082,0.004750721
14/12/2012,0.737703371,0.865101993,0.004798982
17/12/2012,0.772312593,0.832425296,0.004194514
18/12/2012,0.743571949,0.829435945,0.00099533
19/12/2012,0.660717392,0.884647369,0.006813194
20/12/2012,0.69373455,0.866624057,0.00655916
21/12/2012,0.675499344,0.885803998,0.006569236
26/12/2012,0.755536556,0.858606994,0.004902524
27/12/2012,0.704731369,0.857442021,-0.000359798
28/12/2012,0.733188343,0.885134518,0.008702249
31/12/2012,0.71825366,0.840915501,0.010154694
02/01/2013,0.775096703,0.885364711,0.004687022
03/01/2013,0.696581459,0.89832449,-0.001233811
04/01/2013,0.712555122,0.891903579,0.006104533
07/01/2013,0.80171299,0.874726892,0.008426034
08/01/2013,0.716897964,0.914187253,0.004148448
09/01/2013,0.7655931,0.884681106,0.006247005
10/01/2013,0.711213398,0.875730813,0.00796539
11/01/2013,0.730158615,0.856921196,0.006450211
14/01/2013,0.743231773,0.88896054,0.008852963
15/01/2013,0.77937541,0.88722837,0.003193144
16/01/2013,0.75068512,0.894350529,0.004544349
17/01/2013,0.672220993,0.852010727,0.003695304
18/01/2013,0.706293392,0.878838718,0.005098834
22/01/2013,0.73158989,0.866730392,0.007306659
23/01/2013,0.724891233,0.853651822,0.001562927
24/01/2013,0.672069073,0.835443139,0.004101778
25/01/2013,0.775277805,0.832863927,0.005229079
28/01/2013,0.765943146,0.88359201,0.007293681
29/01/2013,0.748037815,0.882777691,0.004442147
30/01/2013,0.722982407,0.880313873,0.005815506
31/01/2013,0.762747574,0.851048589,0.008047834
01/02/2013,0.735581779,0.878687084,0.007201349
04/02/2013,0.763374996,0.843954265,0.007709881
05/02/2013,0.749996567,0.874758899,0.003077454
06/02/2013,0.655981016,0.900075734,0.006685787
07/02/2013,0.73109827,0.84071368,0.007239863
08/02/2013,0.728425789,0.867815852,0.005416774
11/02/2013,0.748434734,0.872439504,0.009666473
12/02/2013,0.648821163,0.883873165,0.000380832
13/02/2013,0.74014492,0.785637498,0.002628307
14/02/2013,0.697603321,0.782913268,0.002975171
15/02/2013,0.684366798,0.809289277,0.007498704
19/02/2013,0.83533268,0.835595131,0.007499257
20/02/2013,0.749834442,0.92225951,0.005024961
21/02/2013,0.750484467,0.902782142,0.008832385
22/02/2013,0.737697601,0.860614419,0.007585813
25/02/2013,0.712966442,0.845136344,0.009238783
26/02/2013,0.731835365,0.855019689,0.00323502
27/02/2013,0.709096909,0.854583621,0.005812762
28/02/2013,0.832522583,0.838615775,0.005290985
01/03/2013,0.686496592,0.921051681,0.007054878
04/03/2013,0.849419975,0.822411835,0.006061732
05/03/2013,0.712871695,0.899217486,0.001819574
06/03/2013,0.711364937,0.852612376,0.004808332
07/03/2013,0.681851101,0.836592019,0.003745107
08/03/2013,0.700870323,0.845366478,0.007471407
11/03/2013,0.81407547,0.828434169,0.008633466
12/03/2013,0.720251465,0.883853137,0.003738047
13/03/2013,0.724025345,0.838642597,0.006244881
14/03/2013,0.713221359,0.866158307,0.005332436
15/03/2013,0.76850996,0.826977134,0.004202903
18/03/2013,0.657271862,0.892882526,0.00722769
19/03/2013,0.740207243,0.903721213,0.005490103
20/03/2013,0.74331522,0.901415229,0.006434524
21/03/2013,0.667043877,0.889825702,0.004672719
22/03/2013,0.729553413,0.860903859,0.006147382
25/03/2013,0.707691002,0.883024573,0.00915382
26/03/2013,0.744075012,0.915640652,0.003092148
27/03/2013,0.722342968,0.917129517,0.006510924
28/03/2013,0.735454941,0.861400783,0.005455892
01/04/2013,0.737559652,0.882314563,0.00991685
02/04/2013,0.650012875,0.884405434,0.002481585
03/04/2013,0.696156025,0.875192821,0.006121991
04/04/2013,0.714044189,0.876059711,0.006429465
05/04/2013,0.650405502,0.853472233,0.005661233
08/04/2013,0.713215256,0.848654747,0.007303396
09/04/2013,0.673890305,0.896480381,0.005627302
10/04/2013,0.735424328,0.805031002,0.004739565
11/04/2013,0.711314774,0.892437637,0.006764631
12/04/2013,0.666470623,0.795151711,0.005591178
15/04/2013,0.775920296,0.86281383,0.009309905
16/04/2013,0.79931035,0.803433537,-0.001987184
17/04/2013,0.68978157,0.853818238,0.003171685
18/04/2013,0.680529022,0.824714959,0.002915401
19/04/2013,0.704493809,0.825609028,0.003735239
22/04/2013,0.760286808,0.89483583,0.006620714
23/04/2013,0.702414322,0.893086076,0.002955379
24/04/2013,0.728533936,0.839645684,0.006353299
25/04/2013,0.662515736,0.849015236,0.004940875
26/04/2013,0.703086281,0.831372142,0.006388451
29/04/2013,0.817452621,0.851712704,0.006633947
30/04/2013,0.734565258,0.909219265,0.003526724
01/05/2013,0.69414959,0.862589836,0.006528852
02/05/2013,0.736540031,0.82966882,0.002924801
03/05/2013,0.707011318,0.89232415,0.006332434
06/05/2013,0.684750414,0.802765071,0.007363829
07/05/2013,0.733049965,0.86044991,0.003462475
08/05/2013,0.756923485,0.862464249,0.007254077
09/05/2013,0.836114502,0.866375923,0.006528689
10/05/2013,0.690343666,0.893361926,0.006213188
13/05/2013,0.777838326,0.840462565,0.007031369
14/05/2013,0.743135071,0.885480881,0.003427451
15/05/2013,0.727028275,0.884301782,0.005724163
16/05/2013,0.716323137,0.868968308,0.006425165
17/05/2013,0.745255852,0.862436652,0.00592917
20/05/2013,0.805404091,0.859421372,0.008079318
21/05/2013,0.734829903,0.891388535,0.002246096
22/05/2013,0.652910233,0.861638069,0.006116974
23/05/2013,0.726384068,0.840980053,0.006069587
24/05/2013,0.734395123,0.854442,0.00569458
28/05/2013,0.833359337,0.866394877,0.009021268
29/05/2013,0.775254059,0.885739505,0.005224511
30/05/2013,0.771251011,0.895977795,0.008230451
31/05/2013,0.778753471,0.883657336,0.007650016
03/06/2013,0.672929573,0.886211991,0.008495892
04/06/2013,0.808198547,0.823911488,0.004223642
05/06/2013,0.699277782,0.91235894,0.006925178
06/06/2013,0.619565582,0.838045478,0.004611223
07/06/2013,0.675722504,0.812624097,0.004780444
10/06/2013,0.705445576,0.83838433,0.00663701
11/06/2013,0.608991528,0.8539626,0.003227872
12/06/2013,0.686385393,0.856605172,0.00556524
13/06/2013,0.739078951,0.858443081,0.006930402
14/06/2013,0.660380173,0.864546955,0.005328229
17/06/2013,0.792973328,0.848186135,0.00828411
18/06/2013,0.781856632,0.886959672,0.005494717
19/06/2013,0.740264893,0.902436733,0.00833597
20/06/2013,0.59351387,0.810303211,0.006094085
21/06/2013,0.771619034,0.799219906,0.003939451
24/06/2013,0.672003269,0.902311802,0.008319052
25/06/2013,0.681882,0.876300812,0.003161393
26/06/2013,0.671368408,0.83875668,0.003397798
27/06/2013,0.69234004,0.873569846,0.005697909
28/06/2013,0.660083818,0.855705082,0.006812214
01/07/2013,0.60214901,0.796381891,0.006944683
02/07/2013,0.712320137,0.870860577,0.002984298
05/07/2013,0.678185558,0.884724021,0.008382757
08/07/2013,0.656332541,0.874636054,0.003991385
09/07/2013,0.685697365,0.83335495,0.003186992
10/07/2013,0.659724092,0.89158231,0.007381373
11/07/2013,0.716620111,0.858358741,0.007407885
12/07/2013,0.755681229,0.822484612,0.004616456
15/07/2013,0.707967758,0.871598899,0.007248828
16/07/2013,0.665665674,0.840126216,0.003921627
17/07/2013,0.729393005,0.853147388,0.006762667
18/07/2013,0.789802742,0.895975709,0.006402805
19/07/2013,0.655917788,0.866976738,0.003916448
22/07/2013,0.798950195,0.81079042,0.007612699
23/07/2013,0.662411308,0.875641346,0.004143203
24/07/2013,0.649280262,0.863050461,0.007234108
25/07/2013,0.741594505,0.810309291,0.003880188
26/07/2013,0.725928211,0.858057141,0.006566938
29/07/2013,0.803176689,0.851384282,0.009309711
30/07/2013,0.811499023,0.892965615,0.00488371
31/07/2013,0.584865952,0.884262443,0.007240965
01/08/2013,0.63301115,0.789945364,0.004113573
02/08/2013,0.742087364,0.812395215,0.004300588
05/08/2013,0.82301712,0.852995753,0.008469505
06/08/2013,0.698134804,0.900015712,0.00240515
07/08/2013,0.695339012,0.860238254,0.005008074
08/08/2013,0.758638525,0.880804896,0.008229073
09/08/2013,0.74044261,0.900958896,0.008084527
12/08/2013,0.73912158,0.838011444,0.009767375
13/08/2013,0.64991951,0.856968224,0.002859258
14/08/2013,0.711056423,0.81776619,0.004515095
15/08/2013,0.746424532,0.896921277,0.008585336
16/08/2013,0.73735466,0.926647007,0.007095423
19/08/2013,0.776096344,0.875640213,0.009532512
20/08/2013,0.738197517,0.922053814,0.004634404
21/08/2013,0.719849014,0.884503543,0.007011315
22/08/2013,0.667959404,0.905865669,0.004825503
23/08/2013,0.698406219,0.842631817,0.005291364
26/08/2013,0.778801155,0.822873116,0.007604856
27/08/2013,0.746561432,0.925958157,0.004344004
28/08/2013,0.725284767,0.890737176,0.005992142
29/08/2013,0.717852211,0.931124985,0.005974831
30/08/2013,0.737179852,0.915434182,0.006393758
03/09/2013,0.753395653,0.888629317,0.007298397
04/09/2013,0.761066914,0.925054252,0.003173772
05/09/2013,0.678096056,0.902854264,0.005627224
06/09/2013,0.688308764,0.877567589,0.006700178
09/09/2013,0.713409233,0.876032531,0.009036823
10/09/2013,0.690367985,0.907284081,0.004497817
11/09/2013,0.689287949,0.902950883,0.004812896
12/09/2013,0.708311987,0.905463398,0.006082771
13/09/2013,0.658031464,0.900880158,0.007254414
16/09/2013,0.677772331,0.900077641,0.007860009
17/09/2013,0.712783861,0.901965737,0.004029487
18/09/2013,0.771537209,0.85420835,0.007690882
19/09/2013,0.778210783,0.885757565,0.007099236
20/09/2013,0.679842806,0.87937367,0.004349816
23/09/2013,0.690694189,0.8450104,0.006999183
24/09/2013,0.673252106,0.881782651,0.003313495
25/09/2013,0.74580307,0.876127899,0.004917359
26/09/2013,0.726725197,0.882149816,0.007388234
27/09/2013,0.746429157,0.868418515,0.006015776
30/09/2013,0.685184765,0.880968213,0.007136446
01/10/2013,0.77479229,0.913065076,0.004818178
02/10/2013,0.718037033,0.919764817,0.005647993
03/10/2013,0.753104496,0.89669162,0.004671544
04/10/2013,0.728280258,0.908180833,0.004588428
07/10/2013,0.768858337,0.850194454,0.007665242
08/10/2013,0.740696239,0.920202851,0.004056816
09/10/2013,0.756628036,0.86939013,0.005928397
10/10/2013,0.700009537,0.929089546,0.006329164
11/10/2013,0.710569382,0.886912227,0.004000919
14/10/2013,0.852073669,0.859937847,0.008104352
15/10/2013,0.736857796,0.941708565,0.004267104
16/10/2013,0.746387196,0.948135734,0.005883382
17/10/2013,0.777171326,0.904159248,0.005539154
18/10/2013,0.772828484,0.817049205,0.003856874
21/10/2013,0.879571915,0.877623856,0.007420331
22/10/2013,0.719526291,0.914463639,0.003360213
23/10/2013,0.744347477,0.868227601,0.006435067
24/10/2013,0.722274017,0.869681656,0.007317646
25/10/2013,0.79273138,0.851704776,0.005077874
28/10/2013,0.844195175,0.868837714,0.010140903
29/10/2013,0.754173374,0.923118591,0.004985311
30/10/2013,0.748765564,0.86223495,0.008077267
31/10/2013,0.680217981,0.890476406,0.007809278
01/11/2013,0.693118095,0.815919697,0.003801553
04/11/2013,0.670632935,0.814795136,0.00660259
05/11/2013,0.706452751,0.840997338,0.002480642
06/11/2013,0.702292252,0.830569088,0.005803316
07/11/2013,0.770749855,0.804885089,0.002902337
08/11/2013,0.651198578,0.899177194,0.006572333
11/11/2013,0.702447033,0.856651604,0.006973499
12/11/2013,0.82133255,0.837133288,0.004252447
13/11/2013,0.65378933,0.905339062,0.007525554
14/11/2013,0.769219017,0.831023991,0.006233517
15/11/2013,0.7560606,0.892802894,0.006970955
18/11/2013,0.832826233,0.844227612,0.007503293
19/11/2013,0.714748478,0.882903576,0.003982263
20/11/2013,0.681199074,0.819421411,0.005514846
21/11/2013,0.734276676,0.875094771,0.007724849
22/11/2013,0.744478035,0.882649124,0.005441012
25/11/2013,0.764976215,0.878943145,0.007045807
26/11/2013,0.756773758,0.928101838,0.004515303
27/11/2013,0.74480691,0.880443394,0.008736115
02/12/2013,0.778611565,0.869695544,0.008487891
03/12/2013,0.834945297,0.894824386,-2.02E-05
04/12/2013,0.698447609,0.908621967,0.006947837
05/12/2013,0.677183628,0.855378747,0.006483548
06/12/2013,0.71649437,0.848588169,0.00278114
09/12/2013,0.790519619,0.89515686,0.008847134
10/12/2013,0.728216934,0.907958388,0.004520609
11/12/2013,0.72020359,0.859330475,0.004977924
12/12/2013,0.751192474,0.85451448,0.004374393
13/12/2013,0.726126194,0.88780582,0.006961068
16/12/2013,0.787617064,0.84090054,0.00856143
17/12/2013,0.787150764,0.85136348,0.002523525
18/12/2013,0.759950113,0.87398088,0.006473729
19/12/2013,0.717172909,0.863096237,0.00762866
20/12/2013,0.655547428,0.84444654,0.005003562
23/12/2013,0.759051228,0.827262998,0.007622554
26/12/2013,0.810254002,0.892755508,0.005674147
27/12/2013,0.828037643,0.854792595,0.00590032
30/12/2013,0.726683044,0.908826053,0.013640369
31/12/2013,0.486037827,0.847654223,0.005998282
02/01/2014,0.760121632,0.743405402,0.014155365
03/01/2014,0.830877113,0.881601334,0.007952194
06/01/2014,0.909971046,0.931292415,0.010239721
07/01/2014,0.755417204,0.944948375,0.005047738
08/01/2014,0.784640884,0.876283824,0.006275763
09/01/2014,0.737133026,0.872923255,0.006591043
10/01/2014,0.760470295,0.880111873,0.006769434
13/01/2014,0.779035568,0.852322102,0.007888763
14/01/2014,0.725543642,0.88091737,0.003367864
15/01/2014,0.810998726,0.830470085,0.006353392
16/01/2014,0.8176054,0.914484799,0.007065999
17/01/2014,0.836547661,0.907767415,0.006728663
21/01/2014,0.757133818,0.915912628,0.009376866
22/01/2014,0.652992439,0.921097934,0.003252502
23/01/2014,0.693188858,0.798025489,0.007307326
24/01/2014,0.742222214,0.839089751,0.006803548
27/01/2014,0.850575066,0.880288303,0.008659929
28/01/2014,0.72742691,0.915303886,0.004383264
29/01/2014,0.755117512,0.869342148,0.006296457
30/01/2014,0.740621853,0.839321494,0.004983792
31/01/2014,0.671006346,0.861231208,0.005442252
03/02/2014,0.754986954,0.819977939,0.006965274
04/02/2014,0.757366371,0.848902702,0.003946466
05/02/2014,0.780227089,0.869940102,0.00757667
06/02/2014,0.743714857,0.889849186,0.00583153
07/02/2014,0.744702339,0.902401805,0.006218636
10/02/2014,0.772512817,0.8498891,0.008955201
11/02/2014,0.791646957,0.88048315,0.003938907
12/02/2014,0.751785851,0.934363186,0.008134149
13/02/2014,0.685031891,0.90530175,0.005783874
14/02/2014,0.719201088,0.851369262,0.007563278
18/02/2014,0.8545578,0.866454422,0.008104807
19/02/2014,0.682586098,0.905687988,0.002044208
20/02/2014,0.674200583,0.887620151,0.005449053
21/02/2014,0.772533751,0.872339129,0.007845623
24/02/2014,0.753554726,0.900322139,0.009490663
25/02/2014,0.690634155,0.936661065,0.00422043
26/02/2014,0.732520103,0.890294671,0.008079894
27/02/2014,0.698440742,0.923904061,0.007715998
28/02/2014,0.676205826,0.925361037,0.00750141
03/03/2014,0.682923317,0.883635044,0.007546846
04/03/2014,0.727727318,0.932442367,0.003082325
05/03/2014,0.646893883,0.870357037,0.005352656
06/03/2014,0.640371513,0.857858539,0.005500619
07/03/2014,0.689001799,0.895697117,0.006878756
10/03/2014,0.693016624,0.867051959,0.005607683
11/03/2014,0.738119316,0.932511628,0.003715217
12/03/2014,0.722139883,0.874929249,0.007453377
13/03/2014,0.686868143,0.884390056,0.006421659
14/03/2014,0.70941143,0.889250398,0.006995649
17/03/2014,0.635814095,0.922758877,0.008608385
18/03/2014,0.545299149,0.885994077,0.002638214
19/03/2014,0.692699432,0.78522718,0.005171985
20/03/2014,0.610942364,0.902533531,0.005941707
21/03/2014,0.681868553,0.827881813,0.004511162
24/03/2014,0.660940075,0.861759365,0.008798374
25/03/2014,0.725673294,0.894788921,0.004102041
26/03/2014,0.713608551,0.879970193,0.007464532
27/03/2014,0.747542572,0.845890045,0.006321764
28/03/2014,0.738224411,0.935630679,0.007379092
31/03/2014,0.764610386,0.933049977,0.009862313
01/04/2014,0.69222126,0.871226132,0.002640123
02/04/2014,0.740191936,0.845673442,0.006805425
03/04/2014,0.660814381,0.855779648,0.004593195
04/04/2014,0.673015308,0.834753215,0.005827371
07/04/2014,0.835840034,0.83984822,0.00889603
08/04/2014,0.720744896,0.919859588,0.004942095
09/04/2014,0.584578609,0.904671073,0.008680989
10/04/2014,0.557457399,0.897857666,0.008306471
11/04/2014,0.484834957,0.891129494,0.006783938
14/04/2014,0.56024847,0.825063229,0.007755661
15/04/2014,0.543425608,0.901113153,0.004890364
16/04/2014,0.514174366,0.888995826,0.007193534
17/04/2014,0.487739944,0.848533988,0.007114106
21/04/2014,0.589485741,0.873009801,0.007613743
22/04/2014,0.592691278,0.905279458,0.004152206
23/04/2014,0.520872688,0.880685031,0.007448541
24/04/2014,0.488184547,0.863336086,0.008337605
25/04/2014,0.571718597,0.900756955,0.006060325
28/04/2014,0.582682514,0.934734166,0.010423595
29/04/2014,0.55967207,0.936524391,0.004612104
30/04/2014,0.529854584,0.892024219,0.006588807
01/05/2014,0.552620792,0.870489776,0.0063905
02/05/2014,0.552869797,0.91159308,0.006682753
05/05/2014,0.589403152,0.870356679,0.0076963
06/05/2014,0.552358818,0.870483398,0.004239549
07/05/2014,0.540818977,0.868323445,0.006322345
08/05/2014,0.517095184,0.911914706,0.007458256
09/05/2014,0.613301611,0.867066741,0.00779895
12/05/2014,0.544897652,0.8974635,0.00762289
13/05/2014,0.579413319,0.882613063,0.004076718
14/05/2014,0.527631378,0.898694158,0.006401297
15/05/2014,0.601932335,0.835299492,0.004590772
16/05/2014,0.570192528,0.899460912,0.007190066
19/05/2014,0.874907875,0.778574884,0.008884929
20/05/2014,0.497290611,0.926721215,0.002828598
21/05/2014,0.558052301,0.824166298,0.006075061
22/05/2014,0.543806601,0.907297134,0.00592209
23/05/2014,0.623638725,0.845689654,0.00592519
27/05/2014,0.755321121,0.795017898,0.008609203
28/05/2014,0.543079901,0.862384796,0.001338374
29/05/2014,0.52665062,0.902104855,0.005887297
30/05/2014,0.517958307,0.873484433,0.004425043
02/06/2014,0.636173868,0.885450006,0.008195296
03/06/2014,0.672619724,0.808425546,0.005822123
04/06/2014,0.597739124,0.861030102,0.005881941
05/06/2014,0.546146202,0.892875314,0.006394265
06/06/2014,0.716765499,0.79333955,0.005589401
09/06/2014,0.681875563,0.881220043,0.007572139
10/06/2014,0.769721556,0.839244664,0.004178087
11/06/2014,0.738656807,0.88854152,0.005534273
12/06/2014,0.561480331,0.87614125,0.004839649
13/06/2014,0.551131058,0.910446942,0.008361178
16/06/2014,0.623892498,0.845459759,0.009062182
17/06/2014,0.559875393,0.857759595,0.004994599
18/06/2014,0.598897076,0.904832721,0.008158461
19/06/2014,0.590573788,0.771153808,0.006626931
20/06/2014,0.658496618,0.827371299,0.004691039
23/06/2014,0.778070641,0.798038542,0.006751215
24/06/2014,0.528978729,0.868955135,0.005802105
25/06/2014,0.699360752,0.729922831,0.006426419
26/06/2014,0.568449974,0.859353721,0.004945661
27/06/2014,0.673298407,0.867077649,0.007641634
30/06/2014,0.45088377,0.910274684,0.008753114
01/07/2014,0.494405746,0.829627812,0.003662439
02/07/2014,0.641737938,0.775074184,0.005050487
07/07/2014,0.605010605,0.821280837,0.009082262
08/07/2014,0.583156443,0.942996323,0.004148464
09/07/2014,0.492504501,0.929759502,0.007947669
10/07/2014,0.619895267,0.788000703,0.006552458
11/07/2014,0.476482391,0.915393233,0.007135476
14/07/2014,0.641036081,0.781821728,0.009288176
15/07/2014,0.475743484,0.862947345,0.001341102
16/07/2014,0.544569492,0.871321678,0.006380467
17/07/2014,0.482929325,0.86869061,0.004880504
18/07/2014,0.519309664,0.909037769,0.003524707
21/07/2014,0.485016346,0.936304688,0.00825304
22/07/2014,0.559672832,0.941414714,0.00476722
23/07/2014,0.612591743,0.819929004,0.0053855
24/07/2014,0.617445564,0.862670779,0.004907192
25/07/2014,0.560271072,0.834598362,0.004636934
28/07/2014,0.702722216,0.782698631,0.0071041
29/07/2014,0.483216953,0.92054826,0.004992682
30/07/2014,0.570416641,0.876797318,0.00694551
31/07/2014,0.59087429,0.83546114,0.006397964
01/08/2014,0.492838383,0.864928424,0.006749925
04/08/2014,0.744242144,0.779998422,0.007077873
05/08/2014,0.510386372,0.918721855,0.003929812
06/08/2014,0.611462116,0.84020102,0.006974466
07/08/2014,0.450102806,0.864296257,0.006553742
08/08/2014,0.566580105,0.828312695,0.005552104
11/08/2014,0.66969471,0.789451957,0.008643602
12/08/2014,0.64013772,0.900241196,0.002133613
13/08/2014,0.508417225,0.840029538,0.007643904
14/08/2014,0.562914467,0.848399282,0.007639631
15/08/2014,0.681953716,0.816307843,0.005878727
18/08/2014,0.704077673,0.919733405,0.010344092
19/08/2014,0.572557354,0.927682042,0.004757317
20/08/2014,0.570453739,0.919189632,0.005307276
21/08/2014,0.519457483,0.919133782,0.00745192
22/08/2014,0.508469296,0.85663861,0.007153127
25/08/2014,0.729649734,0.771507144,0.008833626
26/08/2014,0.474344921,0.920793712,0.00440499
27/08/2014,0.552709579,0.821757674,0.005660872
28/08/2014,0.541320324,0.87328434,0.007278362
29/08/2014,0.52676897,0.951809287,0.007790881
02/09/2014,0.800343895,0.794270933,0.008552918
03/09/2014,0.507448196,0.895407379,0.001238303
04/09/2014,0.708524513,0.725864768,0.005678874
05/09/2014,0.57499752,0.838051617,0.005397994
08/09/2014,0.766247177,0.757697761,0.008023515
09/09/2014,0.751403809,0.919982135,0.005292194
10/09/2014,0.801758289,0.853189468,0.007142446
11/09/2014,0.766995907,0.840741754,0.00525222
12/09/2014,0.55057683,0.885483384,0.005761774
15/09/2014,0.777789974,0.767214179,0.008613804
16/09/2014,0.655191708,0.914668083,0.005481159
17/09/2014,0.772670269,0.811309814,0.00826962
18/09/2014,0.582781601,0.904652238,0.007883085
19/09/2014,0.673626709,0.787397385,0.005556904
22/09/2014,0.752539063,0.761534572,0.006557139
23/09/2014,0.573842669,0.900483429,0.004006045
24/09/2014,0.636351776,0.930263519,0.008240034
25/09/2014,0.557285118,0.920221448,0.00656166
26/09/2014,0.584107494,0.905297399,0.00790897
29/09/2014,0.776140594,0.817983031,0.00806192
30/09/2014,0.54667263,0.916007817,0.004065789
01/10/2014,0.499716997,0.919444561,0.007859201
02/10/2014,0.446220446,0.838309586,0.005362961
03/10/2014,0.704171753,0.770913243,0.004784018
06/10/2014,0.594396925,0.874265492,0.00867878
07/10/2014,0.788373852,0.7942819,0.004946723
08/10/2014,0.558279896,0.911798,0.006791383
09/10/2014,0.594672251,0.888517201,0.007012072
10/10/2014,0.739137745,0.812641919,0.007994557
13/10/2014,0.694887161,0.914200187,0.009191533
14/10/2014,0.739596081,0.873658955,0.004158995
15/10/2014,0.70926466,0.932243347,0.007675058
16/10/2014,0.773962688,0.919672966,0.007264218
17/10/2014,0.773309708,0.921663165,0.007798302
20/10/2014,0.79171896,0.951677442,0.00884584
21/10/2014,0.617489433,0.884425282,0.002798791
22/10/2014,0.587004519,0.786717296,0.004023389
23/10/2014,0.77495842,0.796831548,0.007212324
24/10/2014,0.777762079,0.88725996,0.005498427
27/10/2014,0.707548714,0.914447784,0.009259456
28/10/2014,0.806210709,0.853198826,0.006027424
29/10/2014,0.57829113,0.90811193,0.007445603
30/10/2014,0.731535912,0.779130518,0.009822808
31/10/2014,0.814525986,0.902599931,0.007128598
03/11/2014,0.862887859,0.92147553,0.010406564
04/11/2014,0.596751404,0.925759614,0.005572436
05/11/2014,0.784004402,0.829797626,0.006456844
06/11/2014,0.52530551,0.881614387,0.004569804
07/11/2014,0.796143532,0.752196193,0.007586445
10/11/2014,0.785621071,0.8781991,0.00917669
11/11/2014,0.647982025,0.905418754,0.003655565
12/11/2014,0.75936923,0.827830911,0.008452705
13/11/2014,0.7067626,0.89352119,0.0076197
14/11/2014,0.820768356,0.849810123,0.00841902
17/11/2014,0.879107094,0.897206306,0.010544719
18/11/2014,0.633425617,0.923002064,0.005036107
19/11/2014,0.581781197,0.821925282,0.006248293
20/11/2014,0.771090698,0.792120278,0.006458932
21/11/2014,0.713900471,0.905091166,0.006867257
24/11/2014,0.731088638,0.883368611,0.010245705
25/11/2014,0.731914616,0.890589714,0.00300895
26/11/2014,0.793636894,0.862091899,0.006420997
01/12/2014,0.726666069,0.918685555,0.009265091
02/12/2014,0.794549084,0.917411983,0.003636339
03/12/2014,0.720634604,0.929676235,0.008579335
04/12/2014,0.467522192,0.863677621,0.006248088
05/12/2014,0.620712662,0.829642296,0.006423894
08/12/2014,0.782848549,0.753859162,0.008220026
09/12/2014,0.570815372,0.912499726,0.00423432
10/12/2014,0.54438076,0.95492208,0.009165506
11/12/2014,0.726281357,0.839487076,0.008711283
12/12/2014,0.504169273,0.922341645,0.008083504
15/12/2014,0.708164215,0.785979807,0.006897804
16/12/2014,0.531900835,0.877002358,0.004395864
17/12/2014,0.545496941,0.845998764,0.006372192
18/12/2014,0.697300816,0.794970393,0.005844231
19/12/2014,0.632948685,0.846332431,0.005484
22/12/2014,0.742942762,0.838902831,0.010423723
23/12/2014,0.549312687,0.893378079,0.004435855
26/12/2014,0.625455666,0.861435056,0.005929147
29/12/2014,0.788034439,0.790681481,0.005951089
30/12/2014,0.57008934,0.923606753,0.006533031
31/12/2014,0.735027981,0.750818372,0.010002795
02/01/2015,0.84683094,0.878431022,0.014959424
05/01/2015,0.625860214,0.898433805,0.006871336
06/01/2015,0.571337509,0.930383205,0.006019238
07/01/2015,0.537791824,0.917940617,0.007803132
08/01/2015,0.555888748,0.883826077,0.005911727
09/01/2015,0.53739872,0.914477646,0.006495384
12/01/2015,0.727791405,0.799705327,0.009649189
13/01/2015,0.5384408,0.888348401,0.003910003
14/01/2015,0.591294861,0.924197495,0.006542775
15/01/2015,0.54937644,0.916338742,0.008231225
16/01/2015,0.719902325,0.80540216,0.007749603
20/01/2015,0.820089531,0.902211666,0.009473955
21/01/2015,0.799844933,0.920403302,0.002725995
22/01/2015,0.729734993,0.895815253,0.00483344
23/01/2015,0.662471294,0.901103973,0.005488067
26/01/2015,0.737689018,0.853322387,0.007798177
27/01/2015,0.805014038,0.858218491,0.004975716
28/01/2015,0.63799324,0.907838345,0.007243008
29/01/2015,0.785896397,0.845561504,0.006578452
30/01/2015,0.712725163,0.913362324,0.007866588
02/02/2015,0.74788208,0.846486211,0.00523804
03/02/2015,0.590103436,0.914893031,0.006437976
04/02/2015,0.55189743,0.935260594,0.006934361
05/02/2015,0.613097382,0.755025029,0.006462142
06/02/2015,0.646861649,0.848876357,0.00606293
09/02/2015,0.778550434,0.788728416,0.004703739
10/02/2015,0.685195637,0.935206115,0.006133237
11/02/2015,0.706137609,0.928144813,0.00851412
12/02/2015,0.681446838,0.813271344,0.005327489
13/02/2015,0.623591042,0.843160748,0.005942926
17/02/2015,0.767947578,0.834484935,0.008445746
18/02/2015,0.582454205,0.897273839,0.003082143
19/02/2015,0.512029266,0.931034863,0.008139432
20/02/2015,0.666663647,0.841192067,0.006143116
23/02/2015,0.708003807,0.850485802,0.005184172
24/02/2015,0.527633953,0.894692421,0.002672817
25/02/2015,0.710923433,0.735777378,0.005737665
26/02/2015,0.712431908,0.909370124,0.007027918
27/02/2015,0.650042343,0.845827758,0.007713576
02/03/2015,0.705941582,0.808826625,0.004683311
03/03/2015,0.489216614,0.820756555,0.002608015
04/03/2015,0.638013983,0.872809052,0.006216566
05/03/2015,0.652747154,0.730988979,0.004795549
06/03/2015,0.637901592,0.821127772,0.005799471
09/03/2015,0.784559822,0.816925645,0.008786753
10/03/2015,0.575171232,0.906672835,0.001862533
11/03/2015,0.595087147,0.874174297,0.006993877
12/03/2015,0.567230988,0.890513718,0.007505372
13/03/2015,0.642746162,0.907637894,0.007199295
16/03/2015,0.783124733,0.804807067,0.010002271
17/03/2015,0.579287672,0.898461998,0.003853746
18/03/2015,0.557687807,0.952410877,0.007158454
19/03/2015,0.816200066,0.749241471,0.005103847
20/03/2015,0.832192421,0.887808204,0.006221743
23/03/2015,0.718701649,0.924020648,0.009046044
24/03/2015,0.534240532,0.878392577,0.003955973
25/03/2015,0.540291071,0.914227128,0.006893135
26/03/2015,0.478763962,0.891511798,0.004826436
27/03/2015,0.542305756,0.841942906,0.007530905
30/03/2015,0.744219303,0.799029946,0.008941689
31/03/2015,0.755290318,0.925212681,0.00461546
01/04/2015,0.709261942,0.910193443,0.006600497
02/04/2015,0.668926525,0.868900418,0.006372338
06/04/2015,0.655386734,0.830982864,0.008963461
07/04/2015,0.6892869,0.871377647,0.002875689
08/04/2015,0.690637112,0.872819901,0.007361709
09/04/2015,0.48546257,0.823327065,0.005859665
10/04/2015,0.689325523,0.830535531,0.006730167
13/04/2015,0.732851219,0.844274521,0.010042586
14/04/2015,0.745606041,0.895859897,0.005098446
15/04/2015,0.674111652,0.855645359,0.006574815
16/04/2015,0.793299103,0.833442211,0.006754479
17/04/2015,0.811078835,0.904848874,0.009091757
20/04/2015,0.886388206,0.91023761,0.010808698
21/04/2015,0.695338249,0.953885734,0.006761788
22/04/2015,0.623617077,0.951420605,0.007782895
23/04/2015,0.732657909,0.806559682,0.014495893
24/04/2015,0.719168091,0.893850029,0.007975932
27/04/2015,0.790102196,0.849110723,0.009394354
28/04/2015,0.654776955,0.900658786,0.004845938
29/04/2015,0.712315655,0.885971248,0.006883177
30/04/2015,0.746519756,0.869974732,0.006820913
01/05/2015,0.605432987,0.940757096,0.008603174
04/05/2015,0.801077938,0.832803547,0.009267916
05/05/2015,0.828915405,0.908765674,0.006070946
06/05/2015,0.744509649,0.886943936,0.010125132
07/05/2015,0.773802471,0.889303029,0.010448966
08/05/2015,0.727807999,0.87743485,0.00644145
11/05/2015,0.825853157,0.738036275,0.006836751
12/05/2015,0.752886009,0.922223926,0.006583525
13/05/2015,0.633002853,0.881072998,0.007167277
14/05/2015,0.775047874,0.846314132,0.008700519
15/05/2015,0.730094242,0.886629939,0.008818092
18/05/2015,0.745997047,0.84675616,0.009377092
19/05/2015,0.719584751,0.865177751,0.006670598
20/05/2015,0.546463346,0.936943829,0.010724324
21/05/2015,0.631774616,0.895062149,0.007983764
22/05/2015,0.6508955,0.903090596,0.010511667
26/05/2015,0.718776035,0.809735954,0.011007007
27/05/2015,0.597747231,0.862311482,0.003786642
28/05/2015,0.583113098,0.9327389,0.009613103
29/05/2015,0.764712811,0.8260113,0.009275409
01/06/2015,0.7771492,0.895417511,0.010938316
02/06/2015,0.518036032,0.869012237,0.004007619
03/06/2015,0.623854733,0.752762854,0.007336762
04/06/2015,0.661526108,0.851726174,0.009273583
05/06/2015,0.577716446,0.839006424,0.006557606
08/06/2015,0.868872738,0.762741506,0.00936674
09/06/2015,0.613231087,0.939957261,0.005372942
10/06/2015,0.600442028,0.914515674,0.009613974
11/06/2015,0.641589403,0.834239662,0.00773926
12/06/2015,0.700439453,0.864641547,0.007908872
15/06/2015,0.745554447,0.897258639,0.010256329
16/06/2015,0.645676041,0.883701801,0.005121511
17/06/2015,0.750097466,0.840596378,0.00823618
18/06/2015,0.598321295,0.874921978,0.007584436
19/06/2015,0.688706207,0.808314621,0.007013023
22/06/2015,0.771008301,0.910539806,0.010577261
23/06/2015,0.632444,0.923008561,0.005679193
24/06/2015,0.731781769,0.836194992,0.007983029
25/06/2015,0.655197334,0.905857921,0.008655655
26/06/2015,0.469321156,0.921043098,0.007526202
29/06/2015,0.702843857,0.760288358,0.00937916
30/06/2015,0.742316055,0.908026695,0.004852147
01/07/2015,0.511101866,0.929092705,0.009849794
02/07/2015,0.648660469,0.782252252,0.008277019
06/07/2015,0.677555084,0.863738537,0.008783113
07/07/2015,0.584425926,0.902072549,0.00448336
08/07/2015,0.587385178,0.854721427,0.008648991
09/07/2015,0.663576889,0.881721616,0.007927952
10/07/2015,0.687494659,0.908536077,0.009347547
13/07/2015,0.739000893,0.878023922,0.009849242
14/07/2015,0.728775787,0.933525741,0.00680952
15/07/2015,0.707810593,0.927540004,0.007638338
16/07/2015,0.698239136,0.911624312,0.007577792
17/07/2015,0.65014801,0.843416035,0.006858496
20/07/2015,0.729127979,0.872515857,0.009264267
21/07/2015,0.73676796,0.929954708,0.00659683
22/07/2015,0.708305359,0.895442009,0.009492803
23/07/2015,0.751545334,0.891631484,0.00932108
24/07/2015,0.619289589,0.840729237,0.007737639
27/07/2015,0.847406101,0.793718994,0.009118701
28/07/2015,0.556687737,0.920829892,0.007541917
29/07/2015,0.692459106,0.764624476,0.007826776
30/07/2015,0.713249588,0.903989196,0.008155448
31/07/2015,0.657766151,0.867795587,0.010290089
03/08/2015,0.765193367,0.818371952,0.009579305
04/08/2015,0.63221283,0.892811418,0.007330996
05/08/2015,0.691091728,0.817551255,0.008769914
06/08/2015,0.721855164,0.907744229,0.007944817
07/08/2015,0.750115013,0.881557941,0.010400764
10/08/2015,0.682727242,0.875427604,0.008727729
11/08/2015,0.660659885,0.868672073,0.00541058
12/08/2015,0.699589539,0.85226059,0.008983357
13/08/2015,0.565267372,0.878632843,0.009497161
14/08/2015,0.66801033,0.893297493,0.007909014
17/08/2015,0.807764244,0.840647221,0.010531245
18/08/2015,0.814583397,0.937602162,0.006522961
19/08/2015,0.773776054,0.913765609,0.010927417
20/08/2015,0.606410599,0.892706692,0.010223394
21/08/2015,0.781785393,0.788367033,0.00892201
24/08/2015,0.791408157,0.924224734,0.01070341
25/08/2015,0.755705833,0.943697751,0.006304894
26/08/2015,0.769223022,0.929510713,0.009140555
27/08/2015,0.745811844,0.919385612,0.008124703
28/08/2015,0.574473715,0.90258348,0.009253803
31/08/2015,0.795311356,0.837112606,0.011210896
01/09/2015,0.553499222,0.923691869,0.005001992
02/09/2015,0.67452879,0.773874938,0.00931558
03/09/2015,0.605508709,0.824283123,0.008415625
04/09/2015,0.755878544,0.805860221,0.008314468
08/09/2015,0.67851963,0.876715064,0.010353621
09/09/2015,0.68802948,0.89568013,0.005613047
10/09/2015,0.543030262,0.882265568,0.009153616
11/09/2015,0.581747627,0.893832564,0.009423602
14/09/2015,0.702422094,0.79905808,0.009616511
15/09/2015,0.739655209,0.854793549,0.006487793
16/09/2015,0.612604046,0.900157809,0.008342501
17/09/2015,0.698628998,0.852022529,0.007435235
18/09/2015,0.803904247,0.828169048,0.006391677
21/09/2015,0.875466728,0.918913186,0.00942721
22/09/2015,0.676861858,0.952681065,0.005471461
23/09/2015,0.588993692,0.88591975,0.006550154
24/09/2015,0.748215294,0.809873939,0.008015675
25/09/2015,0.570145893,0.870969415,0.005032631
28/09/2015,0.700689316,0.83212769,0.009481257
29/09/2015,0.546822739,0.879224777,0.00425282
30/09/2015,0.720186901,0.79799974,0.008129757
01/10/2015,0.628722,0.917657673,0.008663092
02/10/2015,0.728612518,0.838853955,0.007329845
05/10/2015,0.657265663,0.85193336,0.009916246
06/10/2015,0.737776184,0.894304633,0.005354433
07/10/2015,0.730943012,0.883064628,0.008345581
08/10/2015,0.613131237,0.876799881,0.009609956
09/10/2015,0.688553429,0.797954738,0.008194346
12/10/2015,0.798143482,0.855924249,0.010231472
13/10/2015,0.771137428,0.919639885,0.005805293
14/10/2015,0.775650024,0.864169896,0.005728587
15/10/2015,0.785975933,0.837206066,0.005585877
16/10/2015,0.765539551,0.917163014,0.010246193
19/10/2015,0.800943947,0.877350152,0.01238116
20/10/2015,0.762423706,0.92437011,0.006526596
21/10/2015,0.695799637,0.891338527,0.009101405
22/10/2015,0.748438835,0.869900882,0.007835778
23/10/2015,0.688012123,0.870223403,0.007258344
26/10/2015,0.831181526,0.834057689,0.01053984
27/10/2015,0.510583353,0.898311019,0.006136175
28/10/2015,0.724574661,0.736759067,0.008836821
29/10/2015,0.694896793,0.866442859,0.006095226
30/10/2015,0.810774231,0.835046291,0.007019132
02/11/2015,0.763824463,0.905626297,0.012094591
03/11/2015,0.659666824,0.88720715,0.004947399
04/11/2015,0.716377163,0.855243325,0.009419059
05/11/2015,0.626075363,0.927056491,0.007091957
06/11/2015,0.786472893,0.848755538,0.007912113
09/11/2015,0.793972015,0.881398082,0.009095556
10/11/2015,0.552490807,0.902990162,0.004974689
11/11/2015,0.700801659,0.775855482,0.008161473
12/11/2015,0.83770771,0.804860115,0.007589043
13/11/2015,0.684287643,0.934128642,0.008591093
16/11/2015,0.732288074,0.876787961,0.005338452
17/11/2015,0.733793831,0.910650611,0.003140267
18/11/2015,0.666891575,0.901096821,0.007176972
19/11/2015,0.633791256,0.929792881,0.008634863
20/11/2015,0.649904442,0.875765204,0.006441905
23/11/2015,0.778553772,0.886111259,0.010199139
24/11/2015,0.652845955,0.915005386,0.005391901
25/11/2015,0.657085419,0.90344733,0.007326174
30/11/2015,0.653966379,0.891823769,0.009085203
01/12/2015,0.44468708,0.822387338,0.003377406
02/12/2015,0.716882706,0.66994983,0.006172538
03/12/2015,0.730910492,0.843931496,0.005133421
04/12/2015,0.735652256,0.911248505,0.008730055
07/12/2015,0.757399559,0.899998367,0.009231272
08/12/2015,0.749216843,0.899082363,0.004165297
09/12/2015,0.773035526,0.9338485,0.00982127
10/12/2015,0.751752663,0.944187284,0.009787245
11/12/2015,0.780865479,0.938142598,0.009566386
14/12/2015,0.693866634,0.941024899,0.011580455
15/12/2015,0.718284035,0.913405418,0.005456463
16/12/2015,0.753902817,0.920794129,0.008308952
17/12/2015,0.79912076,0.861046672,0.006917438
18/12/2015,0.70337677,0.894200623,0.007774935
21/12/2015,0.739111328,0.842168629,0.01040168
22/12/2015,0.732150459,0.911149681,0.005989148
23/12/2015,0.729972839,0.913499236,0.011677943
28/12/2015,0.85597353,0.895160973,0.014497211
29/12/2015,0.796843719,0.914771855,0.004809151
30/12/2015,0.883348274,0.902841568,0.011046593
31/12/2015,0.722766495,0.922837257,0.013256728
04/01/2016,0.71586771,0.864910305,0.013269711
05/01/2016,0.694072533,0.930653453,0.005509061
06/01/2016,0.73886528,0.853285491,0.007330827
07/01/2016,0.740290499,0.904670537,0.007863992
08/01/2016,0.789624071,0.911046207,0.008763008
11/01/2016,0.686239433,0.906837106,0.010322618
12/01/2016,0.702820206,0.880274594,0.00584666
13/01/2016,0.691509438,0.892473996,0.006103777
14/01/2016,0.690614462,0.822934628,0.007546158
15/01/2016,0.775630188,0.824741364,0.006560914
19/01/2016,0.652758455,0.892363727,0.008630177
20/01/2016,0.616124725,0.899010301,0.003383557
21/01/2016,0.74516778,0.847799122,0.009153445
22/01/2016,0.712360764,0.904715359,0.010349373
25/01/2016,0.717417812,0.916232944,0.011004837
26/01/2016,0.686702633,0.9234339,0.005995882
27/01/2016,0.649890757,0.908898711,0.008882734
28/01/2016,0.666690159,0.869014382,0.007530528
29/01/2016,0.709350967,0.917356133,0.008909137
01/02/2016,0.721613598,0.841896236,0.007905264
02/02/2016,0.771528149,0.911584735,0.006634446
03/02/2016,0.720738411,0.854573369,0.006631068
04/02/2016,0.694074631,0.920240104,0.009352752
05/02/2016,0.780150318,0.893668294,0.008867322
08/02/2016,0.719445419,0.876912236,0.008004078
09/02/2016,0.639204693,0.888802826,0.005829797
10/02/2016,0.74358077,0.909001231,0.009098585
11/02/2016,0.713512039,0.906424224,0.007610148
12/02/2016,0.746739292,0.918815494,0.008477874
16/02/2016,0.649128819,0.877524018,0.008543139
17/02/2016,0.729552937,0.807271302,0.004349052
18/02/2016,0.621986008,0.841495693,0.007735582
19/02/2016,0.684865761,0.883879483,0.009476353
22/02/2016,0.675707674,0.828800857,0.00956536
23/02/2016,0.684017849,0.910343528,0.005835987
24/02/2016,0.668744659,0.938728929,0.009203789
25/02/2016,0.727606487,0.944306016,0.008238384
26/02/2016,0.784134483,0.922490239,0.009624561
29/02/2016,0.704656982,0.875001729,0.009164528
01/03/2016,0.693747902,0.917712808,0.004158477
02/03/2016,0.762727547,0.86422503,0.006331742
03/03/2016,0.608967257,0.863124192,0.006141776
04/03/2016,0.752390528,0.834518135,0.008385774
07/03/2016,0.607332277,0.875483334,0.007174789
08/03/2016,0.702012157,0.852747619,0.003853874
09/03/2016,0.715898132,0.930476785,0.008295926
10/03/2016,0.705314636,0.886491179,0.002444838
11/03/2016,0.770949554,0.890768707,0.007303064
14/03/2016,0.726642323,0.918444812,0.009938777
15/03/2016,0.635731983,0.948750138,0.006065494
16/03/2016,0.74257946,0.859860539,0.007834931
17/03/2016,0.680164146,0.904213548,0.005605726
18/03/2016,0.70769558,0.90203315,0.009251998
21/03/2016,0.666587162,0.886534691,0.011183614
22/03/2016,0.657753658,0.922084033,0.004649718
23/03/2016,0.658577251,0.870717645,0.005535423
24/03/2016,0.689634418,0.892840683,0.006825932
28/03/2016,0.703222227,0.939035237,0.011926745
29/03/2016,0.693825293,0.851559818,0.003287815
30/03/2016,0.705818987,0.79355818,0.006952699
31/03/2016,0.747951746,0.886336029,0.008858751
01/04/2016,0.692749023,0.852567077,0.009008684
04/04/2016,0.760608387,0.819216251,0.009884022
05/04/2016,0.723137093,0.941723943,0.00597244
06/04/2016,0.711554623,0.931209385,0.009358541
07/04/2016,0.687940407,0.880645156,0.008882581
08/04/2016,0.760999107,0.932825565,0.009536878
11/04/2016,0.788723278,0.914238095,0.00980288
12/04/2016,0.665729332,0.922959924,0.006319603
13/04/2016,0.70169487,0.904975414,0.008954024
14/04/2016,0.746677065,0.877232075,0.007640139
15/04/2016,0.727254915,0.903699398,0.011103001
18/04/2016,0.639522934,0.875055134,0.009415164
19/04/2016,0.655106926,0.825092912,0.004694766
20/04/2016,0.692503119,0.893940926,0.00855999
21/04/2016,0.730296612,0.864496887,0.009513558
22/04/2016,0.795464706,0.86673373,0.00652371
25/04/2016,0.686483002,0.895648956,0.010211182
26/04/2016,0.569904518,0.890234649,0.006834177
27/04/2016,0.625583839,0.838228881,0.009995389
28/04/2016,0.711429214,0.867248178,0.007010924
29/04/2016,0.718986702,0.906711936,0.008313504
02/05/2016,0.697003651,0.892997622,0.011591581
03/05/2016,0.690682888,0.900813222,0.007694694
04/05/2016,0.705107498,0.901925266,0.010289367
05/05/2016,0.707099342,0.929620922,0.006647531
06/05/2016,0.771294212,0.909914851,0.008718215
09/05/2016,0.686834526,0.930932403,0.009707201
10/05/2016,0.721247959,0.90049392,0.006280722
11/05/2016,0.719954395,0.898673415,0.008987921
12/05/2016,0.689131069,0.943564236,0.008121814
13/05/2016,0.746851015,0.906362057,0.007174795
16/05/2016,0.759263992,0.917861581,0.008352545
17/05/2016,0.803024197,0.91902554,0.0048223
18/05/2016,0.666435337,0.92658186,0.009190956
19/05/2016,0.565244484,0.854196429,0.003996733
20/05/2016,0.690027523,0.844355762,0.006158583
23/05/2016,0.701400661,0.901405811,0.008611025
24/05/2016,0.687929535,0.893771172,0.002949796
25/05/2016,0.67534771,0.831952929,0.006497895
26/05/2016,0.623749113,0.882856965,0.006643988
27/05/2016,0.705235672,0.842334092,0.006073326
31/05/2016,0.662416267,0.903470516,0.007958671
01/06/2016,0.68566494,0.934038758,0.004178842
02/06/2016,0.604726982,0.909207463,0.008357016
03/06/2016,0.707644939,0.769071937,0.006862108
06/06/2016,0.731171036,0.866741955,0.006421215
07/06/2016,0.708218098,0.910926044,0.003738105
08/06/2016,0.678977537,0.918811798,0.00772169
09/06/2016,0.682159996,0.885600388,0.005461888
10/06/2016,0.704940033,0.888371944,0.00702281
13/06/2016,0.712075806,0.940781772,0.00785051
14/06/2016,0.704160404,0.945854783,0.004896381
15/06/2016,0.727299881,0.928259194,0.006320011
16/06/2016,0.626825237,0.903268695,0.006936375
17/06/2016,0.732183456,0.875152886,0.004585412
20/06/2016,0.786010647,0.88999331,0.009309093
21/06/2016,0.734207678,0.931011081,0.002779962
22/06/2016,0.744900036,0.899677634,0.007039819
23/06/2016,0.715987015,0.887129486,0.005979466
24/06/2016,0.723893499,0.880544662,0.006838592
27/06/2016,0.753744745,0.903348327,0.005865529
28/06/2016,0.737782001,0.91402185,0.003928194
29/06/2016,0.672615051,0.892914772,0.005573184
30/06/2016,0.728470373,0.877735436,0.005988884
01/07/2016,0.646397018,0.877314448,0.00639436
05/07/2016,0.733539867,0.830021679,0.007899694
06/07/2016,0.698090172,0.901882172,0.004340427
07/07/2016,0.717983818,0.88562727,0.008396356
08/07/2016,0.667110825,0.911189377,0.005427283
11/07/2016,0.781658554,0.876850903,0.008168707
12/07/2016,0.697245121,0.902014375,0.00356276
13/07/2016,0.632389879,0.897205234,0.007418338
14/07/2016,0.639475012,0.862561584,0.005364868
15/07/2016,0.738352346,0.781900048,0.002514443
18/07/2016,0.691264439,0.893768191,0.006321726
19/07/2016,0.681030655,0.86826247,0.001948087
20/07/2016,0.716601276,0.866550624,0.006148269
21/07/2016,0.670622444,0.909771144,0.006125472
22/07/2016,0.727395916,0.897832096,0.006756769
25/07/2016,0.660704994,0.906540036,0.004674484
26/07/2016,0.783936596,0.851303577,0.001778528
27/07/2016,0.698758698,0.872404277,0.004217526
28/07/2016,0.755680132,0.920826137,0.006618478
29/07/2016,0.69071722,0.894931972,0.006874167
01/08/2016,0.692416763,0.89384526,0.006205603
02/08/2016,0.70357933,0.912530601,0.004876044
03/08/2016,0.632595825,0.920935035,0.009019177
04/08/2016,0.682258034,0.882735252,0.00666853
05/08/2016,0.697173834,0.87522018,0.006946356
08/08/2016,0.755238724,0.905969501,0.009832525
09/08/2016,0.768996429,0.928664982,0.004790344
10/08/2016,0.659876823,0.91924274,0.007839276
11/08/2016,0.670768929,0.918076992,0.006652692
12/08/2016,0.622169209,0.905941606,0.008786541
15/08/2016,0.727449226,0.906351924,0.008578552
16/08/2016,0.749993038,0.924682796,0.005479588
17/08/2016,0.702210426,0.931197762,0.008475562
18/08/2016,0.714169312,0.905817151,0.007399555
19/08/2016,0.627093887,0.901242435,0.008509415
22/08/2016,0.779801655,0.821994305,0.008690311
23/08/2016,0.738357162,0.914441764,0.004998247
24/08/2016,0.578684902,0.909496903,0.007731803
25/08/2016,0.687531853,0.832480311,0.007474482
26/08/2016,0.651278496,0.859606862,0.005757683
29/08/2016,0.6771451,0.848271549,0.009290459
30/08/2016,0.682898712,0.858440697,0.006615308
31/08/2016,0.79086709,0.848952651,0.006517321
01/09/2016,0.654648972,0.932438493,0.008812032
02/09/2016,0.673797703,0.855068028,0.003825638
06/09/2016,0.65161581,0.882481396,0.009850766
07/09/2016,0.682717037,0.897787571,0.004530886
08/09/2016,0.666142845,0.877315998,0.006600535
09/09/2016,0.701387215,0.844204426,0.005500747
12/09/2016,0.787753487,0.87979871,0.008713177
13/09/2016,0.764319324,0.937044322,0.004451682
14/09/2016,0.677576828,0.89784956,0.007988829
15/09/2016,0.751282501,0.872740746,0.006982122
16/09/2016,0.720309162,0.906320393,0.007637904
19/09/2016,0.716046333,0.877630711,0.007364892
20/09/2016,0.6581707,0.949686527,0.004993328
21/09/2016,0.75436573,0.834224045,0.006487424
22/09/2016,0.717063332,0.930719376,0.007023026
23/09/2016,0.646393013,0.872488976,0.006055056
26/09/2016,0.71526866,0.890281498,0.00793674
27/09/2016,0.792610359,0.884904027,0.003508212
28/09/2016,0.672748375,0.883208275,0.003966584
29/09/2016,0.644617844,0.891889572,0.005446618
30/09/2016,0.704080391,0.825044453,0.005717422
03/10/2016,0.820469952,0.842946231,0.007346239
04/10/2016,0.69235096,0.93837899,0.005234598
05/10/2016,0.758879757,0.870169342,0.004213229
06/10/2016,0.710800934,0.902181506,0.00429581
07/10/2016,0.680666065,0.94590503,0.007730758
10/10/2016,0.765737915,0.809119821,0.010789576
11/10/2016,0.767776585,0.927793503,0.003036288
12/10/2016,0.748039055,0.916731656,0.006507134
13/10/2016,0.665670252,0.908929706,0.008234024
14/10/2016,0.783595896,0.851443768,0.00650751
17/10/2016,0.736225319,0.942118526,0.009506622
18/10/2016,0.732925034,0.924977303,0.00479892
19/10/2016,0.736779594,0.915242374,0.007545505
20/10/2016,0.774067307,0.891284108,0.00619828
21/10/2016,0.765138435,0.872128844,0.003892996
24/10/2016,0.772995758,0.883234143,0.007177552
25/10/2016,0.74885807,0.953164697,0.005000711
26/10/2016,0.702660751,0.926178098,0.008667215
27/10/2016,0.765133286,0.905631363,0.00869808
28/10/2016,0.754209948,0.91666472,0.00821442
31/10/2016,0.711030102,0.942305923,0.009233537
01/11/2016,0.707061863,0.900841236,0.004710806
02/11/2016,0.70177803,0.876242161,0.006605173
03/11/2016,0.673474979,0.883110046,0.007335667
04/11/2016,0.73960557,0.883814037,0.0053879
07/11/2016,0.768876648,0.930181623,0.010117692
08/11/2016,0.79442606,0.918935657,0.006154423
09/11/2016,0.780762482,0.915109634,0.003735361
10/11/2016,0.841045761,0.841603875,0.000553183
11/11/2016,0.800416374,0.934341908,0.006270065
14/11/2016,0.81006031,0.931302845,0.007138533
15/11/2016,0.782342529,0.953490257,0.004636665
16/11/2016,0.791782188,0.927831471,0.007308212
17/11/2016,0.779202747,0.935559273,0.007531319
18/11/2016,0.792366219,0.91490823,0.008212929
21/11/2016,0.788268852,0.930176139,0.009315852
22/11/2016,0.655062866,0.91817522,0.004557086
23/11/2016,0.703905773,0.847898483,0.007613375
28/11/2016,0.674828148,0.859032452,0.006664984
29/11/2016,0.631362915,0.875206947,0.001534988
30/11/2016,0.64325285,0.817732453,0.005557424
01/12/2016,0.695139694,0.878393173,0.006540244
02/12/2016,0.737047291,0.840839684,0.006663113
05/12/2016,0.706519127,0.876153946,0.007078563
06/12/2016,0.828800774,0.881713688,0.005192591
07/12/2016,0.786132431,0.930295348,0.008347371
08/12/2016,0.695510387,0.900704563,0.008020844
09/12/2016,0.708130312,0.867474556,0.006507099
12/12/2016,0.678775024,0.848376393,0.007279841
13/12/2016,0.756883526,0.910197437,0.004976665
14/12/2016,0.665282011,0.914809883,0.008058029
15/12/2016,0.771522903,0.860423088,0.006949279
16/12/2016,0.747760582,0.874622524,0.006750489
19/12/2016,0.698632622,0.913083255,0.010307877
20/12/2016,0.651963949,0.894385159,0.001018329
21/12/2016,0.765132141,0.867700934,0.00607854
22/12/2016,0.731772041,0.922704875,0.009340336
23/12/2016,0.663602066,0.890811443,0.006617618
27/12/2016,0.713228798,0.843724906,0.009520093
28/12/2016,0.696683931,0.872980237,0.002058865
29/12/2016,0.676655293,0.892451286,0.008000789
30/12/2016,0.720954418,0.84158498,0.006624399
03/01/2017,0.734395885,0.909908175,0.011266866
04/01/2017,0.706864071,0.888301015,0.003823138
05/01/2017,0.732967949,0.833219647,0.007336984
06/01/2017,0.771728897,0.933079243,0.008894683
09/01/2017,0.714307308,0.903430939,0.009046313
10/01/2017,0.718040752,0.884891331,0.004233915
11/01/2017,0.731315613,0.916600525,0.009101928
12/01/2017,0.820103264,0.895577252,0.006608481
13/01/2017,0.734642792,0.884584546,0.005356218
17/01/2017,0.767464638,0.905342221,0.008773559
18/01/2017,0.717620087,0.942259431,0.00327888
19/01/2017,0.650439548,0.880122483,0.006446892
20/01/2017,0.761104965,0.867083669,0.00719082
23/01/2017,0.780562925,0.908568382,0.008463676
24/01/2017,0.726336193,0.87663573,0.002501749
25/01/2017,0.747396851,0.894550681,0.005323365
26/01/2017,0.763148499,0.922879815,0.007241402
27/01/2017,0.698937416,0.872054875,0.007391655
30/01/2017,0.716896534,0.859958529,0.007517938
31/01/2017,0.744994402,0.92927134,0.004039971
01/02/2017,0.675170898,0.927804351,0.004432238
02/02/2017,0.731498146,0.862115979,0.005109208
03/02/2017,0.775219011,0.891654491,0.006726681
06/02/2017,0.729877281,0.921290755,0.008711447
07/02/2017,0.798993683,0.903791547,0.004396183
08/02/2017,0.708274841,0.936951041,0.007344823
09/02/2017,0.742475367,0.912317634,0.00692776
10/02/2017,0.715183449,0.8870489,0.00757537
13/02/2017,0.727143097,0.917915046,0.007593855
14/02/2017,0.704192877,0.903898418,0.003445582
15/02/2017,0.767702293,0.891165257,0.006941475
16/02/2017,0.737048388,0.916708827,0.006138632
17/02/2017,0.801279449,0.896704495,0.006892693
21/02/2017,0.825504875,0.938358188,0.00675055
22/02/2017,0.756681824,0.934950948,0.004800091
23/02/2017,0.788736153,0.890628695,0.006304491
24/02/2017,0.811380959,0.908143818,0.007220417
27/02/2017,0.680653572,0.914284348,0.008922464
28/02/2017,0.777575302,0.842319131,0.004567712
01/03/2017,0.735698318,0.908981919,0.006416072
02/03/2017,0.72797246,0.897485912,0.005061188
03/03/2017,0.717531395,0.94816035,0.007911489
06/03/2017,0.762859249,0.885813415,0.006272676
07/03/2017,0.719961739,0.926558971,0.004013745
08/03/2017,0.712294292,0.918293595,0.006741183
09/03/2017,0.606686211,0.910562158,0.007066068
10/03/2017,0.706480312,0.863166213,0.005920989
13/03/2017,0.781878853,0.886076748,0.007731436
14/03/2017,0.729350662,0.916477978,0.004847812
15/03/2017,0.72153306,0.881470203,0.007234037
16/03/2017,0.652083397,0.884723783,0.00433373
17/03/2017,0.782622147,0.813002765,0.003989319
20/03/2017,0.800641346,0.91711694,0.008332281
21/03/2017,0.665898418,0.94314748,0.003954604
22/03/2017,0.721203661,0.8565467,0.00547089
23/03/2017,0.717965698,0.943753242,0.004951908
24/03/2017,0.758414459,0.906567216,0.006980211
27/03/2017,0.769734573,0.929730237,0.007538781
28/03/2017,0.762630463,0.906620383,0.003358521
29/03/2017,0.784022903,0.922317028,0.007445074
30/03/2017,0.80747776,0.907910049,0.008157197
31/03/2017,0.741073799,0.93187207,0.007514662
03/04/2017,0.71265583,0.856643856,0.007505829
04/04/2017,0.612863064,0.923782825,0.005595545
05/04/2017,0.664680099,0.876360297,0.00564595
06/04/2017,0.674661636,0.901961148,0.005779193
07/04/2017,0.73218689,0.883499026,0.004187435
10/04/2017,0.646672535,0.891853631,0.007187775
11/04/2017,0.687135792,0.895015121,0.00241925
12/04/2017,0.652721596,0.872544587,0.00591987
13/04/2017,0.706463242,0.824815929,0.004772762
17/04/2017,0.701899672,0.851768851,0.007921249
18/04/2017,0.728068829,0.883255184,0.001801698
19/04/2017,0.729514313,0.890912056,0.00797612
20/04/2017,0.763659668,0.894606471,0.006626803
21/04/2017,0.679757643,0.883849323,0.005274831
24/04/2017,0.739048958,0.867883027,0.006848438
25/04/2017,0.753609467,0.921102881,0.003408121
26/04/2017,0.744678831,0.867492676,0.006868378
27/04/2017,0.741776085,0.919932187,0.006048235
28/04/2017,0.796037865,0.896184146,0.006725379
01/05/2017,0.725154972,0.902671814,0.007175345
02/05/2017,0.802760315,0.906180263,0.003957244
03/05/2017,0.745000076,0.888876081,0.005662706
04/05/2017,0.705177975,0.877159953,0.004743679
05/05/2017,0.677088737,0.889938474,0.007254797
08/05/2017,0.75838809,0.837067485,0.004813783
09/05/2017,0.718848658,0.876728654,0.002432407
10/05/2017,0.768901825,0.883800983,0.003439511
11/05/2017,0.674391747,0.920080781,0.004945174
12/05/2017,0.810773277,0.890005291,0.005797617
15/05/2017,0.683867455,0.885627747,0.005714865
16/05/2017,0.762180614,0.869102597,0.003861385
17/05/2017,0.775757885,0.92737329,0.006527982
18/05/2017,0.686330414,0.897412598,0.004042489
19/05/2017,0.715761948,0.906247437,0.004536664
22/05/2017,0.776667833,0.862098098,0.007520768
23/05/2017,0.648606586,0.900406837,0.000883164
24/05/2017,0.628910065,0.851109385,0.005437377
25/05/2017,0.669812775,0.876652539,0.004392363
26/05/2017,0.671656036,0.869028091,0.004891621
30/05/2017,0.759139442,0.819074631,0.005827875
31/05/2017,0.752577591,0.910035491,0.004552948
01/06/2017,0.680629158,0.893832028,0.007619104
02/06/2017,0.74173851,0.9059394,0.008468619
05/06/2017,0.637245464,0.916483223,0.006168618
06/06/2017,0.637339401,0.925842464,0.003802879
07/06/2017,0.669240093,0.856805325,0.00523038
08/06/2017,0.768995094,0.870023549,0.005255822
09/06/2017,0.703098202,0.900333226,0.004364428
12/06/2017,0.768119621,0.821077466,0.00481494
13/06/2017,0.710033274,0.936367691,0.004327551
14/06/2017,0.734609556,0.858074188,0.002576758
15/06/2017,0.682890558,0.835298359,0.001621793
16/06/2017,0.641626358,0.859178185,0.004204302
19/06/2017,0.700188065,0.888955712,0.006612521
20/06/2017,0.745899296,0.866149127,0.002795967
21/06/2017,0.573128891,0.90449208,0.004898596
22/06/2017,0.691423559,0.861551464,0.005106061
23/06/2017,0.669797802,0.894532979,0.006474817
26/06/2017,0.715804863,0.929834008,0.006890564
27/06/2017,0.70946846,0.94206512,0.00385027
28/06/2017,0.714701176,0.87074405,0.00592694
29/06/2017,0.762225533,0.930597305,0.005460874
30/06/2017,0.704026031,0.93652451,0.006816128
05/07/2017,0.688271332,0.877533257,0.006162682
06/07/2017,0.562733173,0.90502584,0.002202063
07/07/2017,0.51175561,0.911100388,0.006511376
10/07/2017,0.795827103,0.787276924,0.008239081
11/07/2017,0.821577549,0.943968415,0.004636615
12/07/2017,0.766615677,0.94583112,0.007191732
13/07/2017,0.758310318,0.943267643,0.007323885
14/07/2017,0.741129875,0.908378005,0.006331349
17/07/2017,0.804326534,0.905866623,0.008214519
18/07/2017,0.712524796,0.930880547,0.003872693
19/07/2017,0.747476959,0.933273971,0.00701028
20/07/2017,0.643170738,0.878010273,0.006264083
21/07/2017,0.789057446,0.841988862,0.005741689
24/07/2017,0.743309498,0.90294677,0.006732081
25/07/2017,0.724391556,0.921725452,0.002863578
26/07/2017,0.692450857,0.927256763,0.006014057
27/07/2017,0.712493038,0.89589119,0.006187974
28/07/2017,0.706778479,0.891345799,0.007554163
31/07/2017,0.680723,0.902256966,0.005536972
01/08/2017,0.786469173,0.858624279,0.003788244
02/08/2017,0.69151659,0.88701427,0.004819632
03/08/2017,0.761489487,0.890578866,0.00612329
04/08/2017,0.67832222,0.904168487,0.006850776
07/08/2017,0.709798813,0.862276077,0.006504116
08/08/2017,0.769250154,0.918041348,0.003676561
09/08/2017,0.750802135,0.872089505,0.006559026
10/08/2017,0.736126804,0.922083676,0.004962236
11/08/2017,0.730835533,0.925682425,0.006671917
14/08/2017,0.669363785,0.918706596,0.007605744
15/08/2017,0.654048157,0.921955705,0.004392223
16/08/2017,0.78780818,0.868949234,0.008908396
17/08/2017,0.672301483,0.907131553,0.006568006
18/08/2017,0.730581236,0.854952693,0.003033286
21/08/2017,0.778924227,0.893374562,0.007210421
22/08/2017,0.750617743,0.906343579,0.004411851
23/08/2017,0.769255733,0.871429265,0.006373234
24/08/2017,0.770819473,0.921935081,0.005432395
25/08/2017,0.736865234,0.927753627,0.007471242
28/08/2017,0.726021194,0.880498707,0.008567695
29/08/2017,0.677710819,0.939978302,0.002577559
30/08/2017,0.70427227,0.928166389,0.005484868
31/08/2017,0.71068821,0.925440133,0.006843239
01/09/2017,0.752874756,0.878936589,0.006999861
05/09/2017,0.70565176,0.879177928,0.005902032
06/09/2017,0.689391899,0.926410854,0.003078801
07/09/2017,0.607666111,0.905515194,0.005275718
08/09/2017,0.628257179,0.86058253,0.005037541
11/09/2017,0.736448669,0.855282426,0.006573949
12/09/2017,0.718429279,0.928715229,0.002814998
13/09/2017,0.602535248,0.863346219,0.006343859
14/09/2017,0.686973476,0.84090364,0.004330825
15/09/2017,0.671676445,0.879931808,0.002788531
18/09/2017,0.741620111,0.891210556,0.007200574
19/09/2017,0.530088043,0.916747272,0.003541645
20/09/2017,0.644832802,0.802886844,0.004142761
21/09/2017,0.716139126,0.906462789,0.005427818
22/09/2017,0.730680466,0.851296067,0.005786704
25/09/2017,0.659253645,0.861272991,0.006419736
26/09/2017,0.677671719,0.891769052,0.002325317
27/09/2017,0.689457321,0.879124641,0.003267544
28/09/2017,0.677869415,0.854163289,0.004693768
29/09/2017,0.754659128,0.858379006,0.00606004
02/10/2017,0.708640194,0.878478825,0.004300124
03/10/2017,0.747523689,0.906861007,0.00311565
04/10/2017,0.714953327,0.882858574,0.005185186
05/10/2017,0.676980591,0.91627121,0.006293296
06/10/2017,0.689278603,0.883599281,0.005713893
09/10/2017,0.665866375,0.851393104,0.006778765
10/10/2017,0.687929153,0.837889016,0.005167905
11/10/2017,0.631103611,0.879279137,0.006153008
12/10/2017,0.762958431,0.861693025,0.006499612
13/10/2017,0.707425594,0.88897717,0.006003494
16/10/2017,0.655845451,0.882742763,0.006656219
17/10/2017,0.745360851,0.86517942,0.002683188
18/10/2017,0.777527428,0.91309309,0.007155108
19/10/2017,0.743819904,0.89755553,0.006008273
20/10/2017,0.693727112,0.874546349,0.006335401
23/10/2017,0.80725441,0.896525264,0.007945204
24/10/2017,0.800286865,0.936966538,0.004955412
25/10/2017,0.74580636,0.927876592,0.007229328
26/10/2017,0.65166955,0.891958416,0.005221764
27/10/2017,0.629967499,0.835834861,0.003606081
30/10/2017,0.725929451,0.804615855,0.007938202
31/10/2017,0.692422676,0.926326394,0.004111398
01/11/2017,0.698551559,0.852986157,0.002695922
02/11/2017,0.702749681,0.891742229,0.003328699
03/11/2017,0.730386639,0.890993714,0.005594412
06/11/2017,0.6379776,0.877913654,0.005215593
07/11/2017,0.664302111,0.917107701,0.004062575
08/11/2017,0.713403702,0.880924523,0.006825427
09/11/2017,0.738464928,0.87767905,0.005683066
10/11/2017,0.650705528,0.90613842,0.006440033
13/11/2017,0.700511646,0.901659787,0.006773033
14/11/2017,0.68038559,0.916177392,0.0044488
15/11/2017,0.687042999,0.871011555,0.00521384
16/11/2017,0.690920258,0.918486238,0.006025155
17/11/2017,0.653949356,0.897016823,0.00670446
20/11/2017,0.719770718,0.904405594,0.006859335
21/11/2017,0.677677202,0.866571903,0.002722732
22/11/2017,0.664369678,0.821556389,0.006496392
27/11/2017,0.746759605,0.794720292,0.004984342
28/11/2017,0.680500793,0.87164557,0.000816627
29/11/2017,0.609916115,0.898705304,0.005072
30/11/2017,0.670973396,0.90983963,0.004810553
01/12/2017,0.68194046,0.872191548,0.006688894
04/12/2017,0.685020828,0.933818817,0.007014055
05/12/2017,0.680355024,0.938066483,0.003474804
06/12/2017,0.693004799,0.888229072,0.004211423
07/12/2017,0.653393364,0.884735107,0.005059016
08/12/2017,0.683341885,0.920684636,0.005773416
11/12/2017,0.65485878,0.844414115,0.005474879
12/12/2017,0.699679852,0.891865253,0.003119871
13/12/2017,0.739499187,0.892671704,0.006490661
14/12/2017,0.719242954,0.887531579,0.003466505
15/12/2017,0.711717892,0.864602387,0.004869382
18/12/2017,0.711074734,0.913421929,0.006833859
19/12/2017,0.656519318,0.921005726,0.001506683
20/12/2017,0.68483839,0.808795154,0.004680297
21/12/2017,0.745045948,0.906581581,0.005389778
22/12/2017,0.622651958,0.933550715,0.005016625
26/12/2017,0.730144119,0.878416836,0.007105862
27/12/2017,0.704342651,0.882683277,0.003727431
28/12/2017,0.741326332,0.858615994,0.006438467
29/12/2017,0.760230827,0.880464196,0.007086334
02/01/2018,0.779032135,0.866404355,0.008408113
03/01/2018,0.704088449,0.90079391,0.002981529
04/01/2018,0.791773224,0.846648812,0.005845014
05/01/2018,0.681012726,0.89835006,0.006148025
08/01/2018,0.782164812,0.846830368,0.006841787
09/01/2018,0.759890747,0.89774102,0.002211511
10/01/2018,0.673915672,0.868922353,0.005256443
11/01/2018,0.736424923,0.826047778,0.006115253
12/01/2018,0.667388535,0.865353763,0.005007326
16/01/2018,0.817981148,0.876560032,0.005669484
17/01/2018,0.675396013,0.905773938,0.002729759
18/01/2018,0.718129253,0.831839442,0.005215184
19/01/2018,0.703814411,0.872107387,0.00451782
22/01/2018,0.715592194,0.93907243,0.007290331
23/01/2018,0.727038765,0.897472262,0.003418556
24/01/2018,0.720172119,0.861859679,0.004018729
25/01/2018,0.720823097,0.868226886,0.003525013
26/01/2018,0.743940544,0.901476681,0.006462278
29/01/2018,0.695634651,0.878158212,0.005131605
30/01/2018,0.711625195,0.902951419,0.00247262
31/01/2018,0.78857975,0.897969067,0.005408689
01/02/2018,0.703948593,0.892490208,0.00358123
02/02/2018,0.711185455,0.848515153,0.005306306
05/02/2018,0.648473072,0.898688316,0.00630224
06/02/2018,0.734216881,0.792740762,-0.000331301
07/02/2018,0.702647877,0.895844758,0.003559469
08/02/2018,0.665898514,0.856174588,0.004007911
09/02/2018,0.745695114,0.852706313,0.004461524
12/02/2018,0.610818768,0.890913486,0.005424201
13/02/2018,0.681918716,0.86835736,0.002453749
14/02/2018,0.64453001,0.856096864,0.006952546
15/02/2018,0.650625801,0.827349186,0.004340395
16/02/2018,0.700707626,0.858207107,0.00372397
20/02/2018,0.68944397,0.89084661,0.006383634
21/02/2018,0.772073841,0.898345768,0.003583827
22/02/2018,0.734208632,0.9063223,0.004862072
23/02/2018,0.703290987,0.89382869,0.006211685
26/02/2018,0.733300304,0.93210423,0.006679326
27/02/2018,0.676643181,0.887311935,0.002811993
28/02/2018,0.658077431,0.842354596,0.004293952
01/03/2018,0.63332963,0.827531517,0.004208627
02/03/2018,0.735998392,0.815308213,0.001684559
05/03/2018,0.733556175,0.909160972,0.006219868
06/03/2018,0.713842297,0.918513596,0.003308271
07/03/2018,0.699958229,0.872733235,0.005098141
08/03/2018,0.701064873,0.892048836,0.005367546
09/03/2018,0.724671364,0.873775601,0.003631028
12/03/2018,0.795215797,0.893226266,0.005255298
13/03/2018,0.690745211,0.910927296,0.001350869
14/03/2018,0.63341341,0.871304333,0.004745117
15/03/2018,0.671582794,0.843628585,0.002641293
16/03/2018,0.712236786,0.872574449,0.005286008
19/03/2018,0.674652672,0.865470529,0.006013045
20/03/2018,0.688822174,0.859772563,0.002351843
21/03/2018,0.706374741,0.888274968,0.004828829
22/03/2018,0.689738226,0.90222609,0.004062555
23/03/2018,0.695285225,0.842247009,0.00451016
26/03/2018,0.740898228,0.885759532,0.003725047
27/03/2018,0.683531284,0.922264099,0.001465927
28/03/2018,0.681738234,0.865564466,0.004331426
29/03/2018,0.631611443,0.844812393,0.004519746
02/04/2018,0.741833115,0.850893617,0.006416607
03/04/2018,0.749394226,0.885791779,0.002541585
04/04/2018,0.701825714,0.897965431,0.004147486
05/04/2018,0.724648285,0.895745277,0.004114656
06/04/2018,0.767051125,0.876445472,0.00660101
09/04/2018,0.654532623,0.899413109,0.005945887
10/04/2018,0.700452471,0.90070504,0.00231505
11/04/2018,0.731908894,0.903677583,0.006151424
12/04/2018,0.734472084,0.894824982,0.00557815
13/04/2018,0.637406158,0.88312006,0.005190959
16/04/2018,0.619200039,0.892209649,0.006332896
17/04/2018,0.668051052,0.858534634,0.002096642
18/04/2018,0.755261612,0.843469918,0.00347534
19/04/2018,0.754080963,0.898424149,0.005975838
20/04/2018,0.690280151,0.922918439,0.006195826
23/04/2018,0.697961617,0.889921069,0.006533085
24/04/2018,0.638949585,0.889000237,0.002693826
25/04/2018,0.756451797,0.85629046,0.006731365
26/04/2018,0.712392044,0.90283215,0.006438412
27/04/2018,0.627345657,0.892181695,0.002255797
30/04/2018,0.751853943,0.843821049,0.004577814
01/05/2018,0.694444084,0.896941185,0.002397032
02/05/2018,0.708769846,0.885533333,0.005414497
03/05/2018,0.673015976,0.888412178,0.004812548
04/05/2018,0.671342468,0.896285653,0.005383977
07/05/2018,0.653803825,0.85299015,0.006400487
08/05/2018,0.637578201,0.862920761,0.002868165
09/05/2018,0.61731739,0.892842591,0.006107655
10/05/2018,0.636217499,0.854163766,0.004116159
11/05/2018,0.664135933,0.877756953,0.004863968
14/05/2018,0.632276583,0.915584207,0.007468142
15/05/2018,0.583217907,0.910575271,0.002525568
16/05/2018,0.672824097,0.8612293,0.006055265
17/05/2018,0.674630928,0.925891221,0.005754697
18/05/2018,0.666382265,0.856541634,0.0069089
21/05/2018,0.636246777,0.825624645,0.003841428
22/05/2018,0.67344923,0.859544873,0.001644406
23/05/2018,0.698297691,0.927228332,0.007210575
24/05/2018,0.662385559,0.939749837,0.004900001
25/05/2018,0.613509941,0.869176567,0.005429174
29/05/2018,0.722447109,0.831034303,0.0071549
30/05/2018,0.607901955,0.897390187,0.004366583
31/05/2018,0.662419796,0.824143231,0.004281832
01/06/2018,0.632243729,0.881830096,0.005878014
04/06/2018,0.743893814,0.846980929,0.006327915
05/06/2018,0.798350334,0.905544102,0.002913032
06/06/2018,0.738894939,0.906543434,0.005476052
07/06/2018,0.698983002,0.878693283,0.004210714
08/06/2018,0.719728279,0.913596928,0.006119642
11/06/2018,0.6766994,0.885735333,0.00532108
12/06/2018,0.794843102,0.89573878,0.003371977
13/06/2018,0.720238781,0.912899852,0.004091205
14/06/2018,0.685110378,0.860660195,0.004288156
15/06/2018,0.646250534,0.852027535,0.005521122
18/06/2018,0.669241524,0.808734775,0.005690934
19/06/2018,0.735189056,0.86438036,0.001484901
20/06/2018,0.648966837,0.87291497,0.003622849
21/06/2018,0.682980537,0.830816388,0.005108642
22/06/2018,0.685924244,0.905822754,0.005208992
25/06/2018,0.654600525,0.899953008,0.006198508
26/06/2018,0.716856766,0.872501373,0.002627892
27/06/2018,0.715107441,0.935083866,0.005635145
28/06/2018,0.714630747,0.881402373,0.004745317
29/06/2018,0.665250492,0.853927493,0.003872001
02/07/2018,0.786930466,0.77764529,0.006032825
05/07/2018,0.701956272,0.939050317,0.005460722
06/07/2018,0.717847919,0.879934907,0.00255446
09/07/2018,0.655753517,0.859635174,0.004680532
10/07/2018,0.65892067,0.894024193,0.002894811
11/07/2018,0.633188391,0.848509312,0.00524692
12/07/2018,0.657313633,0.895852745,0.005593804
13/07/2018,0.752672958,0.871194661,0.004302986
16/07/2018,0.62346077,0.884328485,0.005873659
17/07/2018,0.68273468,0.846719563,0.002175283
18/07/2018,0.663421059,0.858490765,0.003334249
19/07/2018,0.707449627,0.89353621,0.006522244
20/07/2018,0.694050598,0.887503266,0.004159412
23/07/2018,0.777223206,0.852236152,0.006057089
24/07/2018,0.729115486,0.926559567,0.003607512
25/07/2018,0.743968105,0.92045325,0.005137276
26/07/2018,0.692822361,0.917174339,0.004482121
27/07/2018,0.677594757,0.873367786,0.00373321
30/07/2018,0.733261108,0.875650704,0.006065498
31/07/2018,0.715217209,0.897677302,0.001898461
01/08/2018,0.687203598,0.892675102,0.004631584
02/08/2018,0.712674236,0.878395438,0.003741511
03/08/2018,0.693153763,0.879061222,0.003617142
06/08/2018,0.731113529,0.861970246,0.005323763
07/08/2018,0.715990639,0.921589971,0.002550499
08/08/2018,0.700698709,0.838247478,0.002387076
09/08/2018,0.703915167,0.882385075,0.003710316
10/08/2018,0.731054688,0.843789458,0.005117602
13/08/2018,0.713310528,0.912247181,0.006232594
14/08/2018,0.679357815,0.933849216,0.003397853
15/08/2018,0.689648056,0.833863914,0.004777729
16/08/2018,0.651600552,0.905861974,0.004349432
17/08/2018,0.743357372,0.828873754,0.00639805
20/08/2018,0.662530422,0.889154732,0.006196218
21/08/2018,0.702440548,0.878161311,0.002981841
22/08/2018,0.582389069,0.877482891,0.003464841
23/08/2018,0.711051369,0.840286613,0.003642389
24/08/2018,0.669947815,0.899367034,0.004249829
27/08/2018,0.650195932,0.817980886,0.004380398
28/08/2018,0.674517059,0.878441036,0.001626894
29/08/2018,0.674708748,0.8815099,0.005189824
30/08/2018,0.712091637,0.893688202,0.004610246
31/08/2018,0.692132378,0.876677155,0.005026606
04/09/2018,0.752481651,0.882307827,0.005580164
05/09/2018,0.700845718,0.895076573,0.002161047
06/09/2018,0.746464348,0.894082367,0.004696133
07/09/2018,0.710264587,0.886312366,0.006120745
10/09/2018,0.71950202,0.854504704,0.005496364
11/09/2018,0.678297234,0.869724751,0.002003203
12/09/2018,0.699507332,0.929915607,0.006405311
13/09/2018,0.691717052,0.893652081,0.005604106
14/09/2018,0.593066025,0.854686081,0.003974672
17/09/2018,0.64143219,0.840710759,0.005844467
18/09/2018,0.624081802,0.893457711,0.002694158
19/09/2018,0.663309669,0.86809063,0.00385549
20/09/2018,0.716084766,0.851030529,0.005860757
21/09/2018,0.631395531,0.873865485,0.006319905
24/09/2018,0.636641788,0.834561169,0.003948549
25/09/2018,0.722297382,0.852946281,0.001758988
26/09/2018,0.624224901,0.885481477,0.004431709
27/09/2018,0.651119804,0.89253509,0.003824778
28/09/2018,0.68417635,0.824598491,0.002563274
01/10/2018,0.631337261,0.858610928,0.003510596
02/10/2018,0.684578419,0.891253591,0.002738192
03/10/2018,0.73178196,0.882526994,0.004141916
04/10/2018,0.603583145,0.93595469,0.005984629
05/10/2018,0.701639652,0.899262249,0.004893095
08/10/2018,0.604790592,0.902231693,0.005306296
09/10/2018,0.709834671,0.875059903,0.000938434
10/10/2018,0.603491735,0.871808171,0.004878296
11/10/2018,0.677317142,0.865991414,0.004125892
12/10/2018,0.629538298,0.856928229,0.005227299
15/10/2018,0.733315086,0.848191142,0.004774957
16/10/2018,0.641538382,0.905114651,0.002596602
17/10/2018,0.717227459,0.883878708,0.004471546
18/10/2018,0.698103285,0.907375515,0.00456437
19/10/2018,0.623126221,0.881640732,0.004054505
22/10/2018,0.697153759,0.783638656,0.003665983
23/10/2018,0.700770569,0.939861953,0.003808138
24/10/2018,0.703849411,0.886888325,0.005665889
25/10/2018,0.600771332,0.864403248,0.004632347
26/10/2018,0.714346313,0.844472051,0.00419196
29/10/2018,0.730584908,0.875848651,0.004276345
30/10/2018,0.76562705,0.88131845,0.002783862
31/10/2018,0.751715469,0.951232612,0.006537707
01/11/2018,0.669777393,0.889684975,0.004463858
02/11/2018,0.716370296,0.860576034,0.003700698
05/11/2018,0.718294334,0.909257412,0.005307645
06/11/2018,0.783135033,0.860150635,0.004024964
07/11/2018,0.732860661,0.897583008,0.004708696
08/11/2018,0.677484131,0.888728499,0.001774504
09/11/2018,0.709346581,0.828035653,0.004582901
12/11/2018,0.711471272,0.85695231,0.005601491
13/11/2018,0.616174316,0.876387477,0.002496624
14/11/2018,0.67932682,0.77077359,0.003755056
15/11/2018,0.697019386,0.839726567,0.005530695
16/11/2018,0.7111269,0.879495025,0.004846594
19/11/2018,0.732302427,0.931743264,0.007057577
20/11/2018,0.663729,0.883879006,0.002805373
21/11/2018,0.679396439,0.841144443,0.00518545
26/11/2018,0.73327651,0.870356858,0.005223277
27/11/2018,0.763844872,0.924243331,0.002171222
28/11/2018,0.725741577,0.926249325,0.005708118
29/11/2018,0.697928333,0.88957274,0.004466646
30/11/2018,0.607646275,0.902947068,0.004237645
03/12/2018,0.711731815,0.842728436,0.005706793
04/12/2018,0.71256752,0.890570641,0.002845943
06/12/2018,0.693767929,0.912634969,0.005810151
07/12/2018,0.700841331,0.905617535,0.003326486
10/12/2018,0.716357613,0.905075192,0.004830323
11/12/2018,0.74033947,0.907646358,0.003856485
12/12/2018,0.735386515,0.884955227,0.005134588
13/12/2018,0.629416466,0.878234684,0.003158084
14/12/2018,0.69214077,0.867494941,0.00466191
17/12/2018,0.77040081,0.855652928,0.005510346
18/12/2018,0.774906349,0.905472577,0.003534369
19/12/2018,0.738853836,0.909311593,0.005738349
20/12/2018,0.701512432,0.891088128,0.003888811
21/12/2018,0.717969704,0.897165477,0.00454016
26/12/2018,0.722592735,0.919000626,0.003915982
27/12/2018,0.80151825,0.896382689,0.000781034
28/12/2018,0.766110992,0.91091454,0.007510903
31/12/2018,0.860125828,0.890430629,0.008368182
02/01/2019,0.775549984,0.941794217,0.007111643
03/01/2019,0.809584045,0.913122833,0.00519724
04/01/2019,0.705075359,0.907143116,0.004701951
07/01/2019,0.73050499,0.878145397,0.005566468
08/01/2019,0.735467815,0.905220687,0.003079789
09/01/2019,0.799915457,0.928455055,0.006081563
10/01/2019,0.73377533,0.922596574,0.00575191
11/01/2019,0.654963875,0.906254947,0.004994418
14/01/2019,0.769865417,0.856670022,0.005490607
15/01/2019,0.726381969,0.907636344,0.00350014
16/01/2019,0.727267551,0.936285615,0.006118211
17/01/2019,0.718042946,0.92864722,0.004565559
18/01/2019,0.746212387,0.872526765,0.005385302
22/01/2019,0.780350399,0.90658617,0.006697721
23/01/2019,0.767547894,0.93684274,0.003842171
24/01/2019,0.638272667,0.897940993,0.004190081
25/01/2019,0.711564636,0.830920577,0.003762529
28/01/2019,0.723007584,0.904685795,0.006530212
29/01/2019,0.703017616,0.869758248,0.001483692
30/01/2019,0.67083416,0.897782683,0.005193453
31/01/2019,0.740442753,0.892261863,0.003602178
01/02/2019,0.726671219,0.876947403,0.005230049
04/02/2019,0.701535034,0.870120347,0.005910033
05/02/2019,0.753000832,0.85833776,0.002497136
06/02/2019,0.797368717,0.883864999,0.005904888
07/02/2019,0.74118042,0.901442826,0.004672064
08/02/2019,0.683439922,0.865911484,0.003912371
11/02/2019,0.880827522,0.814544678,0.006102134
12/02/2019,0.728302765,0.935061276,0.00377033
13/02/2019,0.754920387,0.883994699,0.005002998
14/02/2019,0.712905741,0.890224636,0.005153423
15/02/2019,0.764064217,0.856743157,0.003869074
19/02/2019,0.775294399,0.906785131,0.004614423
20/02/2019,0.709235191,0.906221867,0.002998243
21/02/2019,0.598812199,0.876424313,0.004934798
22/02/2019,0.811730671,0.804277122,0.004836224
25/02/2019,0.762978745,0.91375798,0.006242533
26/02/2019,0.651173019,0.879347622,0.001721206
27/02/2019,0.63531723,0.822525382,0.004473243
28/02/2019,0.707453918,0.913055062,0.005956857
01/03/2019,0.664805984,0.894446254,0.004782728
04/03/2019,0.698707962,0.85299176,0.00572056
05/03/2019,0.667155361,0.882100463,0.003140539
06/03/2019,0.732645226,0.866061866,0.005615743
07/03/2019,0.69830575,0.893444896,0.004994602
08/03/2019,0.669414902,0.868111908,0.004236725
11/03/2019,0.710589027,0.835230708,0.004443295
12/03/2019,0.626415443,0.930745125,0.003356725
13/03/2019,0.644480038,0.917682469,0.005448836
14/03/2019,0.646541309,0.950767875,0.005261708
15/03/2019,0.6645401,0.853926837,0.002193468
18/03/2019,0.679143524,0.84359473,0.006201538
19/03/2019,0.814364433,0.861800194,0.002863173
20/03/2019,0.71954093,0.928020358,0.00561029
21/03/2019,0.696514797,0.883989632,0.005169325
22/03/2019,0.674573803,0.865416527,0.005234833
25/03/2019,0.720961571,0.833744049,0.003536205
26/03/2019,0.686968613,0.940736592,0.002726284
27/03/2019,0.801577187,0.826128364,0.004345826
28/03/2019,0.697947884,0.91781199,0.005262806
29/03/2019,0.738027954,0.892835796,0.005380987
01/04/2019,0.765264797,0.879196525,0.007797487
02/04/2019,0.681484604,0.892746747,0.003751353
03/04/2019,0.712952995,0.850672603,0.004416286
04/04/2019,0.732797337,0.859876156,0.004217833
05/04/2019,0.763593674,0.868018508,0.00588262
08/04/2019,0.780463266,0.888813019,0.005941289
09/04/2019,0.749940681,0.954117119,0.003275403
10/04/2019,0.646134949,0.896169305,0.006342792
11/04/2019,0.650530291,0.813444018,0.004143495
12/04/2019,0.725425625,0.855441928,0.005069935
15/04/2019,0.86836338,0.878465772,0.006461301
16/04/2019,0.704250717,0.937724948,0.000473
17/04/2019,0.688262558,0.870961308,0.001231285
18/04/2019,0.740027618,0.81724292,0.001423552
22/04/2019,0.686254501,0.896021008,0.005530045
23/04/2019,0.659567356,0.905043244,0.002090899
24/04/2019,0.666377068,0.885334134,0.006057444
25/04/2019,0.619228411,0.837026596,0.004105769
26/04/2019,0.725582218,0.830361664,0.004356793
29/04/2019,0.814396286,0.897405267,0.007277729
30/04/2019,0.694575405,0.933852971,0.003723574
01/05/2019,0.674279404,0.860523403,0.005028898
02/05/2019,0.728461456,0.85647583,0.004952144
03/05/2019,0.75594883,0.912065864,0.005478392
06/05/2019,0.647403526,0.866584182,0.005430441
07/05/2019,0.702070236,0.843583763,0.001916003
08/05/2019,0.703431702,0.915029407,0.006453265
09/05/2019,0.717843485,0.904219747,0.006200833
10/05/2019,0.717724228,0.922317326,0.006035628
13/05/2019,0.698924589,0.90712738,0.00633075
14/05/2019,0.773200512,0.888249576,0.002988286
15/05/2019,0.708734798,0.911960602,0.006345441
16/05/2019,0.729511881,0.89922446,0.004977326
17/05/2019,0.785211468,0.937090039,0.005927982
20/05/2019,0.787166595,0.898940682,0.007424118
21/05/2019,0.683944988,0.927903354,0.002721595
22/05/2019,0.68585906,0.939727187,0.006652245
23/05/2019,0.708365059,0.923918068,0.006333582
24/05/2019,0.719946575,0.930294871,0.006911006
28/05/2019,0.656718159,0.855829716,0.007238797
29/05/2019,0.736377144,0.845896125,0.002323054
30/05/2019,0.763127518,0.923079193,0.006390515
31/05/2019,0.666945648,0.876660347,0.006065611
03/06/2019,0.72650919,0.861335754,0.005461921
04/06/2019,0.715149307,0.91026181,0.003872308
05/06/2019,0.741777706,0.928094029,0.005166442
06/06/2019,0.712923908,0.931016147,0.005111424
07/06/2019,0.742240906,0.904347301,0.005396178
10/06/2019,0.785816717,0.907586455,0.007286789
11/06/2019,0.625636673,0.924786866,0.003968418
12/06/2019,0.724354649,0.842085004,0.002998533
13/06/2019,0.657475281,0.902489543,0.003073309
14/06/2019,0.673368788,0.863978207,0.004534966
17/06/2019,0.691256237,0.836169243,0.004717318
18/06/2019,0.599651909,0.842132866,0.002434273
19/06/2019,0.653319073,0.791475654,0.005239725
20/06/2019,0.666724396,0.847262204,0.004665006
21/06/2019,0.676675701,0.92900753,0.006191001
24/06/2019,0.750325966,0.868708432,0.00615773
25/06/2019,0.70947113,0.927051365,0.004824977
26/06/2019,0.733585739,0.892791748,0.003938804
27/06/2019,0.75386858,0.835742116,0.004356663
28/06/2019,0.690359211,0.934605896,0.00551966
01/07/2019,0.720253325,0.841096103,0.005945453
02/07/2019,0.713844109,0.915583313,0.001753302
05/07/2019,0.798174095,0.848448455,0.006950473
08/07/2019,0.675224495,0.902754188,0.004064916
09/07/2019,0.74257555,0.875081837,0.003936614
10/07/2019,0.713085365,0.917093098,0.004316874
11/07/2019,0.729584503,0.884078503,0.005067957
12/07/2019,0.706149483,0.872429848,0.005824542
15/07/2019,0.820683479,0.829488754,0.005938584
16/07/2019,0.755673027,0.914847195,0.003310741
17/07/2019,0.690444231,0.901458085,0.005431439
18/07/2019,0.713369179,0.893371284,0.005238146
19/07/2019,0.642523766,0.894882798,0.004399986
22/07/2019,0.6348773,0.868185818,0.005693352
23/07/2019,0.696213102,0.822799802,0.001474124
24/07/2019,0.647810078,0.851960063,0.003904245
25/07/2019,0.718392611,0.892314255,0.004841814
26/07/2019,0.721535873,0.899918258,0.005033491
29/07/2019,0.779095793,0.888281345,0.006466716
30/07/2019,0.655255604,0.911131084,0.004625511
31/07/2019,0.710683823,0.878226161,0.004735514
01/08/2019,0.70053196,0.939816833,0.004625011
02/08/2019,0.694049644,0.825168967,0.003484401
05/08/2019,0.698062038,0.908871353,0.003505812
06/08/2019,0.69575901,0.896070123,0.002616237
07/08/2019,0.674355125,0.902125239,0.00443444
08/08/2019,0.67892561,0.911380112,0.005942204
09/08/2019,0.754274845,0.854352593,0.006374042
12/08/2019,0.698969555,0.865155518,0.006349489
13/08/2019,0.764475393,0.883225739,0.00385546
14/08/2019,0.635608864,0.942784786,0.006116983
15/08/2019,0.660770655,0.943460941,0.0059022
16/08/2019,0.701315928,0.869343102,0.004723402
19/08/2019,0.697914791,0.895404935,0.00663386
20/08/2019,0.687244987,0.90821445,0.004590168
21/08/2019,0.73316927,0.887221038,0.00522868
22/08/2019,0.697741699,0.889820397,0.006204004
23/08/2019,0.718506527,0.834983706,0.004690692
26/08/2019,0.726218987,0.882722199,0.006325946
27/08/2019,0.75307827,0.932057679,0.004350235
28/08/2019,0.697794724,0.886758208,0.005863442
29/08/2019,0.701089859,0.894016862,0.006933009
30/08/2019,0.658570576,0.838482499,0.005974233
03/09/2019,0.677120209,0.861537457,0.006740617
04/09/2019,0.680360126,0.850374818,0.002099631
05/09/2019,0.767325687,0.876574516,0.006474256
06/09/2019,0.764427471,0.910708427,0.005750994
09/09/2019,0.735752296,0.903560281,0.007313041
10/09/2019,0.735397816,0.918331504,0.004833761
11/09/2019,0.702486467,0.896103024,0.004988454
12/09/2019,0.702787876,0.862723947,0.003609479
13/09/2019,0.730358887,0.886236787,0.004910201
16/09/2019,0.727095222,0.852192879,0.005060259
17/09/2019,0.742699671,0.947740912,0.00207416
18/09/2019,0.647576952,0.918969035,0.004036449
19/09/2019,0.668664312,0.916170299,0.004559171
20/09/2019,0.712826061,0.930944622,0.005697539
23/09/2019,0.711671448,0.914567769,0.007349734
24/09/2019,0.699616623,0.936764061,0.002059929
25/09/2019,0.760459137,0.883607507,0.004435632
26/09/2019,0.733603859,0.927879512,0.003649513
27/09/2019,0.719854736,0.903194308,0.00442553
30/09/2019,0.753802299,0.943591475,0.007591118
01/10/2019,0.648429012,0.919163823,0.003827067
02/10/2019,0.739642334,0.830418587,0.00483866
03/10/2019,0.65943737,0.926828086,0.006163724
04/10/2019,0.688001633,0.88256824,0.004887775
07/10/2019,0.739466,0.863662541,0.005073148
08/10/2019,0.681073475,0.901500344,0.001941265
09/10/2019,0.656091022,0.935867965,0.004493265
10/10/2019,0.634846115,0.893549919,0.0046706
11/10/2019,0.637684536,0.843804538,0.005366308
14/10/2019,0.618719864,0.847962976,0.004475274
15/10/2019,0.701339054,0.873326182,0.002784977
16/10/2019,0.703391457,0.926665187,0.005506824
17/10/2019,0.689597034,0.888664603,0.004834729
18/10/2019,0.681318855,0.907823741,0.004620231
21/10/2019,0.736591291,0.876369476,0.005535173
22/10/2019,0.667331886,0.911908507,0.003837057
23/10/2019,0.658412027,0.889426351,0.005343308
24/10/2019,0.657397079,0.867754579,0.004627514
25/10/2019,0.693515778,0.841588974,0.003835162
28/10/2019,0.73551507,0.813412964,0.005819685
29/10/2019,0.711387062,0.89749527,0.002668655
30/10/2019,0.690908813,0.917668939,0.00660011
31/10/2019,0.695600176,0.891602635,0.004097992
01/11/2019,0.729720879,0.881536841,0.004322456
04/11/2019,0.750121641,0.861966908,0.004703985
05/11/2019,0.740569687,0.908736825,0.00363061
06/11/2019,0.683709431,0.889609516,0.006268644
07/11/2019,0.706616211,0.879160106,0.004068438
08/11/2019,0.759949684,0.899828613,0.006311409
11/11/2019,0.732482719,0.899543583,0.006869036
12/11/2019,0.599800491,0.89092809,0.002620125
13/11/2019,0.738385153,0.814406276,0.003568867
14/11/2019,0.703537464,0.891005635,0.004097855
15/11/2019,0.736256218,0.872133851,0.002703917
18/11/2019,0.702490044,0.883636296,0.005310263
19/11/2019,0.694025612,0.90791589,0.002940279
20/11/2019,0.724024391,0.850146115,0.003676285
21/11/2019,0.720750046,0.915028453,0.005618155
22/11/2019,0.602695274,0.89784348,0.004859975
25/11/2019,0.792931175,0.82174176,0.005753942
26/11/2019,0.70514183,0.915510476,0.004424814
27/11/2019,0.716255236,0.875551343,0.005861585
02/12/2019,0.693019867,0.842267811,0.006202293
03/12/2019,0.720166779,0.826341808,0.000485924
04/12/2019,0.711888218,0.883209586,0.005349411
05/12/2019,0.668561649,0.856503844,0.003444795
06/12/2019,0.705270004,0.88944453,0.005497845
09/12/2019,0.76709547,0.862442136,0.005528117
10/12/2019,0.711229229,0.911470592,0.00260071
11/12/2019,0.758707523,0.890904427,0.004522712
12/12/2019,0.720066833,0.891205192,0.004909296
13/12/2019,0.744179249,0.868049264,0.003688036
16/12/2019,0.648751307,0.911206424,0.005014136
17/12/2019,0.65108428,0.887924969,0.004381026
18/12/2019,0.652110767,0.842667758,0.005116686
19/12/2019,0.76144352,0.876454234,0.006151415
20/12/2019,0.657418823,0.926032364,0.004250793
23/12/2019,0.74147644,0.861835361,0.005071932
26/12/2019,0.757086182,0.896963894,0.000391826
27/12/2019,0.709775925,0.913756371,0.002865044
30/12/2019,0.821612263,0.811648011,0.007813081
31/12/2019,0.707639885,0.923062146,0.002282025
02/01/2020,0.750843239,0.880455017,0.008100858
03/01/2020,0.73515892,0.879913151,0.0016337
06/01/2020,0.708003807,0.94358331,0.005704129
07/01/2020,0.664626122,0.929009259,0.002406803
08/01/2020,0.648936462,0.878304124,0.004028133
09/01/2020,0.721353674,0.885175884,0.005303429
10/01/2020,0.660857582,0.878157139,0.004835725
13/01/2020,0.733932495,0.887440801,0.00693121
14/01/2020,0.629218292,0.888358712,0.003179798
15/01/2020,0.763116074,0.899768472,0.004656564
16/01/2020,0.69223299,0.924703777,0.007044871
17/01/2020,0.6360075,0.894961715,0.004918533
21/01/2020,0.716797352,0.852325439,0.006098002
22/01/2020,0.635577106,0.949945569,0.002126527
23/01/2020,0.666903877,0.91498518,0.004032848
24/01/2020,0.669060993,0.883890986,0.004613298
27/01/2020,0.636879206,0.882826328,0.006235255
28/01/2020,0.649745274,0.85761106,0.003284667
29/01/2020,0.612850666,0.949266791,0.005975377
30/01/2020,0.69559617,0.899247169,0.004435521
31/01/2020,0.61617403,0.916024208,0.004855
03/02/2020,0.669625568,0.868886352,0.005463718
04/02/2020,0.65517025,0.920279145,0.001127539
05/02/2020,0.659049892,0.916028321,0.003589965
06/02/2020,0.645250702,0.874287963,0.002431126
07/02/2020,0.633124161,0.906188488,0.005035747
10/02/2020,0.647552824,0.912521541,0.005683763
11/02/2020,0.661397409,0.93928349,0.002930977
12/02/2020,0.638727188,0.916903317,0.004319263
13/02/2020,0.733173561,0.827908158,0.003713723
14/02/2020,0.718924713,0.930535674,0.006062824
18/02/2020,0.757226801,0.92687881,0.006607075
19/02/2020,0.578095245,0.925834775,0.002827603
20/02/2020,0.6057621,0.931331754,0.00617373
21/02/2020,0.627164745,0.885619044,0.005892519
24/02/2020,0.622321224,0.845472157,0.003657732
25/02/2020,0.622143745,0.933582127,0.002044741
26/02/2020,0.649737978,0.887151241,0.00427699
27/02/2020,0.710250187,0.912822723,0.00478448
28/02/2020,0.669509697,0.930041909,0.005639808
02/03/2020,0.675743866,0.864030361,0.005040133
03/03/2020,0.606532764,0.940520465,0.001930845
04/03/2020,0.662068272,0.945195496,0.004673663
05/03/2020,0.68670969,0.901095986,0.003166955
06/03/2020,0.690670586,0.954659104,0.005604576
09/03/2020,0.69843502,0.893235683,0.004812198
10/03/2020,0.717591286,0.933167636,0.002808511
11/03/2020,0.687850189,0.902713776,0.004005716
12/03/2020,0.723100615,0.841892064,0.003038696
13/03/2020,0.720990753,0.928657711,0.004021712
16/03/2020,0.759506798,0.92719543,0.004325116
17/03/2020,0.711789942,0.949087977,0.002845655
18/03/2020,0.800922775,0.922907948,0.003724081
19/03/2020,0.767831564,0.952769935,0.004240353
20/03/2020,0.729521751,0.94560802,0.004976499
23/03/2020,0.749529266,0.93318969,0.004646494
24/03/2020,0.739736414,0.957124591,0.002427687
25/03/2020,0.785986996,0.943243206,0.004679817
26/03/2020,0.716812897,0.942292213,0.004015426
27/03/2020,0.757755566,0.905787826,0.004164976
30/03/2020,0.713499546,0.912313461,0.004983711
31/03/2020,0.761957645,0.93051827,0.002725958
01/04/2020,0.740590096,0.922473729,0.005861936
02/04/2020,0.702296829,0.909046471,0.003282922
03/04/2020,0.710548687,0.933519721,0.005129522
06/04/2020,0.709664726,0.918580174,0.005659523
07/04/2020,0.742095947,0.92666626,0.001875189
08/04/2020,0.751081467,0.921599746,0.00506796
09/04/2020,0.729953766,0.937310398,0.00481357
13/04/2020,0.67882309,0.922658622,0.006042632
14/04/2020,0.643975449,0.898484051,0.001195441
15/04/2020,0.73077774,0.919772983,0.00376784
16/04/2020,0.7594244,0.93173933,0.004898773
17/04/2020,0.705146217,0.917963862,0.004106311
20/04/2020,0.73977356,0.95028466,0.008514859
21/04/2020,0.701211357,0.926685512,0.000584219
22/04/2020,0.647995472,0.941793442,0.003007975
23/04/2020,0.725213051,0.876562595,0.004557339
24/04/2020,0.768575668,0.865692496,0.005305644
27/04/2020,0.785610199,0.933098793,0.005613275
28/04/2020,0.707096052,0.940607071,0.003104153
29/04/2020,0.690335178,0.933687687,0.004755487
30/04/2020,0.701087761,0.924264729,0.004425767
01/05/2020,0.673857117,0.866416335,0.004417649
04/05/2020,0.731463623,0.882109821,0.006097232
05/05/2020,0.656490374,0.898582101,0.003518394
06/05/2020,0.741016579,0.889382243,0.005007979
07/05/2020,0.766638374,0.931322396,0.004511878
08/05/2020,0.713459492,0.943698704,0.004474043
11/05/2020,0.751315403,0.89643538,0.005363082
12/05/2020,0.699360657,0.917861283,0.002060475
13/05/2020,0.700286674,0.926842868,0.004502324
14/05/2020,0.718919086,0.907318115,0.004920721
15/05/2020,0.686600161,0.897309661,0.004363567
18/05/2020,0.74589138,0.877368152,0.004678031
19/05/2020,0.762839699,0.937671781,0.002751949
20/05/2020,0.765305519,0.943814099,0.004991088
21/05/2020,0.733683205,0.927001357,0.004858841
22/05/2020,0.707392311,0.91760844,0.005151218
26/05/2020,0.657953405,0.925213695,0.006251427
27/05/2020,0.693525791,0.922488093,0.002159987
28/05/2020,0.694608784,0.942708015,0.004358879
29/05/2020,0.673604584,0.87889421,0.00500949