Date,Close
2006-01-03,1182.0
2006-01-04,1186.25
2006-01-05,1185.75
2006-01-06,1197.75
2006-01-09,1202.75
2006-01-10,1202.25
2006-01-11,1206.5
2006-01-12,1198.25
2006-01-13,1199.25
2006-01-17,1194.25
2006-01-18,1189.25
2006-01-19,1195.25
2006-01-20,1172.25
2006-01-23,1174.0
2006-01-24,1176.75
2006-01-25,1175.25
2006-01-26,1184.25
2006-01-27,1193.5
2006-01-30,1195.5
2006-01-31,1189.75
2006-02-01,1191.75
2006-02-02,1180.25
2006-02-03,1172.75
2006-02-06,1174.25
2006-02-07,1163.75
2006-02-08,1174.5
2006-02-09,1172.75
2006-02-10,1176.0
2006-02-13,1172.25
2006-02-14,1184.25
2006-02-15,1188.0
2006-02-16,1197.5
2006-02-17,1195.25
2006-02-21,1191.5
2006-02-22,1200.0
2006-02-23,1195.75
2006-02-24,1197.75
2006-02-27,1202.25
2006-02-28,1187.75
2006-03-01,1198.5
2006-03-02,1197.0
2006-03-03,1194.25
2006-03-06,1185.75
2006-03-07,1182.75
2006-03-08,1185.25
2006-03-09,1179.25
2006-03-10,1188.75
2006-03-13,1191.5
2006-03-14,1205.0
2006-03-15,1210.5
2006-03-16,1213.25
2006-03-17,1214.0
2006-03-20,1211.75
2006-03-21,1203.25
2006-03-22,1211.25
2006-03-23,1208.0
2006-03-24,1208.5
2006-03-27,1207.25
2006-03-28,1198.5
2006-03-29,1207.75
2006-03-30,1205.25
2006-03-31,1200.25
2006-04-03,1202.0
2006-04-04,1210.5
2006-04-05,1215.5
2006-04-06,1212.75
2006-04-07,1199.0
2006-04-10,1200.25
2006-04-11,1190.0
2006-04-12,1191.75
2006-04-13,1191.75
2006-04-17,1188.25
2006-04-18,1210.0
2006-04-19,1212.25
2006-04-20,1213.75
2006-04-21,1213.0
2006-04-24,1209.75
2006-04-25,1203.75
2006-04-26,1206.75
2006-04-27,1211.25
2006-04-28,1212.25
2006-05-01,1206.0
2006-05-02,1214.0
2006-05-03,1209.0
2006-05-04,1212.5
2006-05-05,1226.75
2006-05-08,1225.0
2006-05-09,1224.75
2006-05-10,1222.75
2006-05-11,1206.25
2006-05-12,1190.5
2006-05-15,1194.25
2006-05-16,1191.5
2006-05-17,1169.0
2006-05-18,1160.5
2006-05-19,1166.0
2006-05-22,1160.5
2006-05-23,1155.25
2006-05-24,1156.5
2006-05-25,1172.0
2006-05-26,1178.25
2006-05-30,1158.0
2006-05-31,1168.0
2006-06-01,1182.75
2006-06-02,1185.5
2006-06-05,1163.25
2006-06-06,1161.0
2006-06-07,1152.75
2006-06-08,1154.75
2006-06-09,1148.5
2006-06-12,1132.5
2006-06-13,1119.75
2006-06-14,1127.0
2006-06-15,1152.5
2006-06-16,1147.75
2006-06-19,1135.75
2006-06-20,1136.25
2006-06-21,1148.5
2006-06-22,1141.25
2006-06-23,1140.75
2006-06-26,1147.0
2006-06-27,1135.0
2006-06-28,1141.75
2006-06-29,1168.0
2006-06-30,1165.25
2006-07-05,1164.75
2006-07-06,1168.25
2006-07-07,1159.5
2006-07-10,1161.0
2006-07-11,1166.5
2006-07-12,1152.75
2006-07-13,1135.0
2006-07-14,1128.75
2006-07-17,1126.5
2006-07-18,1129.0
2006-07-19,1151.75
2006-07-20,1141.5
2006-07-21,1132.0
2006-07-24,1153.0
2006-07-25,1160.5
2006-07-26,1159.5
2006-07-27,1154.0
2006-07-28,1168.5
2006-07-31,1167.0
2006-08-01,1161.75
2006-08-02,1168.5
2006-08-03,1170.25
2006-08-04,1170.0
2006-08-07,1166.25
2006-08-08,1161.75
2006-08-09,1156.0
2006-08-10,1160.5
2006-08-11,1156.25
2006-08-14,1158.0
2006-08-15,1174.25
2006-08-16,1184.5
2006-08-17,1186.75
2006-08-18,1191.25
2006-08-21,1187.5
2006-08-22,1187.25
2006-08-23,1181.5
2006-08-24,1183.75
2006-08-25,1183.75
2006-08-28,1190.0
2006-08-29,1192.75
2006-08-30,1191.75
2006-08-31,1190.5
2006-09-01,1198.25
2006-09-05,1200.5
2006-09-06,1187.5
2006-09-07,1180.5
2006-09-08,1185.25
2006-09-11,1185.75
2006-09-12,1198.25
2006-09-13,1203.75
2006-09-14,1201.75
2006-09-15,1204.75
2006-09-18,1206.75
2006-09-19,1203.25
2006-09-20,1209.75
2006-09-21,1202.5
2006-09-22,1199.25
2006-09-25,1210.5
2006-09-26,1220.5
2006-09-27,1221.0
2006-09-28,1222.0
2006-09-29,1219.0
2006-10-02,1214.75
2006-10-03,1218.0
2006-10-04,1232.25
2006-10-05,1236.0
2006-10-06,1233.25
2006-10-09,1233.25
2006-10-10,1236.0
2006-10-11,1232.0
2006-10-12,1244.75
2006-10-13,1247.5
2006-10-16,1250.5
2006-10-17,1246.0
2006-10-18,1246.5
2006-10-19,1248.0
2006-10-20,1249.0
2006-10-23,1256.75
2006-10-24,1258.0
2006-10-25,1261.5
2006-10-26,1268.0
2006-10-27,1258.5
2006-10-30,1257.75
2006-10-31,1256.25
2006-11-01,1247.0
2006-11-02,1245.75
2006-11-03,1243.25
2006-11-06,1258.0
2006-11-07,1261.5
2006-11-08,1263.75
2006-11-09,1257.5
2006-11-10,1258.75
2006-11-13,1263.0
2006-11-14,1271.25
2006-11-15,1275.0
2006-11-16,1277.25
2006-11-17,1278.5
2006-11-20,1278.5
2006-11-21,1279.5
2006-11-22,1282.75
2006-11-27,1258.0
2006-11-28,1263.25
2006-11-29,1275.5
2006-11-30,1276.75
2006-12-01,1272.25
2006-12-04,1284.75
2006-12-05,1290.5
2006-12-06,1288.5
2006-12-07,1283.25
2006-12-08,1284.5
2006-12-11,1288.0
2006-12-12,1286.5
2006-12-13,1288.25
2006-12-14,1299.5
2006-12-15,1301.25
2006-12-18,1296.5
2006-12-19,1299.5
2006-12-20,1296.5
2006-12-21,1291.75
2006-12-22,1283.5
2006-12-26,1290.5
2006-12-27,1300.5
2006-12-28,1296.0
2006-12-29,1289.25
2007-01-03,1287.75
2007-01-04,1289.5
2007-01-05,1280.0
2007-01-08,1283.75
2007-01-09,1283.25
2007-01-10,1285.25
2007-01-11,1293.75
2007-01-12,1301.0
2007-01-16,1301.0
2007-01-17,1300.25
2007-01-18,1294.75
2007-01-19,1299.0
2007-01-22,1291.5
2007-01-23,1296.75
2007-01-24,1308.0
2007-01-25,1291.75
2007-01-26,1290.25
2007-01-29,1287.75
2007-01-30,1295.5
2007-01-31,1305.5
2007-02-01,1312.75
2007-02-02,1315.0
2007-02-05,1313.5
2007-02-06,1314.5
2007-02-07,1316.25
2007-02-08,1314.5
2007-02-09,1305.0
2007-02-12,1299.5
2007-02-13,1310.25
2007-02-14,1320.75
2007-02-15,1322.25
2007-02-16,1321.0
2007-02-20,1324.5
2007-02-21,1321.5
2007-02-22,1321.0
2007-02-23,1316.0
2007-02-26,1314.5
2007-02-27,1261.75
2007-02-28,1270.25
2007-03-01,1267.0
2007-03-02,1250.5
2007-03-05,1236.75
2007-03-06,1258.0
2007-03-07,1254.5
2007-03-08,1264.25
2007-03-09,1265.0
2007-03-12,1268.75
2007-03-13,1239.5
2007-03-14,1249.0
2007-03-15,1253.25
2007-03-16,1247.75
2007-03-19,1263.25
2007-03-20,1272.0
2007-03-21,1295.5
2007-03-22,1295.25
2007-03-23,1297.0
2007-03-26,1297.5
2007-03-27,1289.0
2007-03-28,1276.25
2007-03-29,1281.75
2007-03-30,1279.5
2007-04-02,1283.5
2007-04-03,1296.0
2007-04-04,1297.25
2007-04-05,1302.25
2007-04-09,1303.5
2007-04-10,1306.75
2007-04-11,1296.5
2007-04-12,1305.5
2007-04-13,1310.25
2007-04-16,1325.25
2007-04-17,1328.5
2007-04-18,1328.25
2007-04-19,1326.75
2007-04-20,1341.0
2007-04-23,1337.5
2007-04-24,1337.0
2007-04-25,1350.5
2007-04-26,1349.25
2007-04-27,1349.5
2007-04-30,1337.5
2007-05-01,1341.0
2007-05-02,1350.25
2007-05-03,1356.75
2007-05-04,1360.25
2007-05-07,1363.0
2007-05-08,1362.25
2007-05-09,1366.25
2007-05-10,1346.25
2007-05-11,1360.75
2007-05-14,1357.5
2007-05-15,1355.5
2007-05-16,1367.25
2007-05-17,1365.25
2007-05-18,1376.0
2007-05-21,1377.75
2007-05-22,1376.75
2007-05-23,1373.75
2007-05-24,1359.25
2007-05-25,1367.75
2007-05-29,1370.0
2007-05-30,1382.0
2007-05-31,1381.5
2007-06-01,1387.75
2007-06-04,1390.0
2007-06-05,1382.0
2007-06-06,1367.75
2007-06-07,1338.5
2007-06-08,1355.25
2007-06-11,1357.75
2007-06-12,1341.0
2007-06-13,1363.75
2007-06-14,1371.0
2007-06-15,1380.75
2007-06-18,1379.0
2007-06-19,1382.0
2007-06-20,1358.75
2007-06-21,1368.5
2007-06-22,1350.25
2007-06-25,1343.75
2007-06-26,1338.5
2007-06-27,1352.75
2007-06-28,1351.25
2007-06-29,1347.5
2007-07-02,1364.5
2007-07-05,1369.5
2007-07-06,1374.75
2007-07-09,1375.75
2007-07-10,1353.25
2007-07-11,1362.25
2007-07-12,1391.5
2007-07-13,1395.0
2007-07-16,1392.75
2007-07-17,1392.0
2007-07-18,1389.0
2007-07-19,1395.0
2007-07-20,1375.5
2007-07-23,1382.5
2007-07-24,1352.75
2007-07-25,1358.25
2007-07-26,1325.25
2007-07-27,1297.75
2007-07-30,1312.5
2007-07-31,1293.0
2007-08-01,1305.0
2007-08-02,1311.5
2007-08-03,1269.75
2007-08-06,1305.75
2007-08-07,1314.75
2007-08-08,1336.0
2007-08-09,1293.0
2007-08-10,1292.0
2007-08-13,1291.5
2007-08-14,1263.75
2007-08-15,1244.5
2007-08-16,1251.75
2007-08-17,1282.75
2007-08-20,1282.25
2007-08-21,1284.25
2007-08-22,1301.25
2007-08-23,1299.5
2007-08-24,1316.0
2007-08-27,1302.75
2007-08-28,1269.75
2007-08-29,1299.75
2007-08-30,1293.75
2007-08-31,1306.75
2007-09-04,1325.0
2007-09-05,1307.25
2007-09-06,1314.0
2007-09-07,1289.25
2007-09-10,1285.75
2007-09-11,1306.5
2007-09-12,1306.25
2007-09-13,1317.0
2007-09-14,1317.25
2007-09-17,1309.75
2007-09-18,1352.5
2007-09-19,1361.25
2007-09-20,1350.25
2007-09-21,1356.5
2007-09-24,1349.0
2007-09-25,1350.25
2007-09-26,1356.75
2007-09-27,1362.5
2007-09-28,1357.25
2007-10-01,1377.75
2007-10-02,1376.75
2007-10-03,1369.75
2007-10-04,1372.75
2007-10-05,1387.5
2007-10-08,1383.25
2007-10-09,1395.25
2007-10-10,1390.75
2007-10-11,1384.0
2007-10-12,1391.0
2007-10-15,1378.5
2007-10-16,1367.25
2007-10-17,1369.25
2007-10-18,1367.0
2007-10-19,1327.25
2007-10-22,1333.25
2007-10-23,1346.25
2007-10-24,1341.75
2007-10-25,1339.5
2007-10-26,1361.0
2007-10-29,1365.5
2007-10-30,1356.0
2007-10-31,1373.25
2007-11-01,1331.5
2007-11-02,1335.0
2007-11-05,1325.75
2007-11-06,1345.25
2007-11-07,1298.75
2007-11-08,1298.0
2007-11-09,1275.0
2007-11-12,1261.75
2007-11-13,1304.25
2007-11-14,1292.25
2007-11-15,1274.5
2007-11-16,1281.0
2007-11-19,1256.0
2007-11-20,1262.25
2007-11-21,1238.0
2007-11-26,1227.25
2007-11-27,1250.75
2007-11-28,1292.0
2007-11-29,1291.5
2007-11-30,1304.0
2007-12-03,1294.25
2007-12-04,1284.25
2007-12-05,1306.25
2007-12-06,1328.75
2007-12-07,1324.75
2007-12-10,1338.0
2007-12-11,1297.5
2007-12-12,1308.25
2007-12-13,1308.75
2007-12-14,1287.25
2007-12-17,1265.5
2007-12-18,1273.5
2007-12-19,1271.25
2007-12-20,1279.5
2007-12-21,1305.25
2007-12-26,1316.75
2007-12-27,1295.75
2007-12-28,1295.75
2007-12-31,1283.0
2008-01-02,1263.5
2008-01-03,1262.75
2008-01-04,1226.5
2008-01-07,1232.5
2008-01-08,1205.0
2008-01-09,1224.75
2008-01-10,1234.75
2008-01-11,1216.25
2008-01-14,1230.5
2008-01-15,1195.0
2008-01-16,1185.75
2008-01-17,1145.5
2008-01-18,1138.25
2008-01-22,1121.75
2008-01-23,1149.25
2008-01-24,1161.25
2008-01-25,1141.0
2008-01-28,1164.5
2008-01-29,1171.5
2008-01-30,1163.75
2008-01-31,1183.0
2008-02-01,1204.75
2008-02-04,1190.0
2008-02-05,1146.75
2008-02-06,1136.5
2008-02-07,1146.75
2008-02-08,1140.0
2008-02-11,1147.5
2008-02-12,1158.0
2008-02-13,1175.0
2008-02-14,1158.0
2008-02-15,1158.5
2008-02-19,1158.0
2008-02-20,1168.5
2008-02-21,1152.25
2008-02-22,1164.5
2008-02-25,1180.25
2008-02-26,1190.5
2008-02-27,1188.25
2008-02-28,1176.25
2008-02-29,1141.0
2008-03-03,1140.5
2008-03-04,1135.25
2008-03-05,1143.0
2008-03-06,1113.75
2008-03-07,1102.25
2008-03-10,1083.75
2008-03-11,1129.0
2008-03-12,1118.0
2008-03-13,1123.75
2008-03-14,1096.5
2008-03-17,1082.5
2008-03-18,1137.25
2008-03-19,1106.5
2008-03-20,1137.25
2008-03-24,1157.75
2008-03-25,1160.0
2008-03-26,1148.0
2008-03-27,1134.0
2008-03-28,1123.25
2008-03-31,1128.5
2008-04-01,1178.5
2008-04-02,1176.0
2008-04-03,1177.25
2008-04-04,1179.25
2008-04-07,1179.75
2008-04-08,1173.75
2008-04-09,1162.75
2008-04-10,1167.75
2008-04-11,1140.75
2008-04-14,1136.25
2008-04-15,1143.5
2008-04-16,1170.75
2008-04-17,1173.0
2008-04-18,1198.5
2008-04-21,1196.25
2008-04-22,1185.0
2008-04-23,1188.0
2008-04-24,1196.0
2008-04-25,1205.5
2008-04-28,1204.0
2008-04-29,1198.0
2008-04-30,1191.0
2008-05-01,1216.25
2008-05-02,1220.25
2008-05-05,1213.5
2008-05-06,1225.0
2008-05-07,1198.5
2008-05-08,1204.0
2008-05-09,1194.75
2008-05-12,1210.5
2008-05-13,1209.5
2008-05-14,1215.0
2008-05-15,1230.75
2008-05-16,1231.5
2008-05-19,1233.25
2008-05-20,1221.25
2008-05-21,1197.0
2008-05-22,1199.75
2008-05-23,1182.5
2008-05-27,1191.5
2008-05-28,1197.5
2008-05-29,1204.25
2008-05-30,1205.0
2008-06-02,1191.5
2008-06-03,1183.5
2008-06-04,1183.75
2008-06-05,1209.75
2008-06-06,1166.0
2008-06-09,1168.75
2008-06-10,1163.75
2008-06-11,1141.5
2008-06-12,1146.5
2008-06-13,1166.25
2008-06-16,1166.5
2008-06-17,1157.0
2008-06-18,1144.75
2008-06-19,1148.75
2008-06-20,1123.25
2008-06-23,1124.25
2008-06-24,1120.25
2008-06-25,1127.5
2008-06-26,1088.5
2008-06-27,1085.25
2008-06-30,1085.0
2008-07-01,1090.0
2008-07-02,1066.5
2008-07-07,1056.5
2008-07-08,1079.0
2008-07-09,1049.5
2008-07-10,1059.0
2008-07-11,1045.25
2008-07-14,1033.25
2008-07-15,1019.5
2008-07-16,1049.25
2008-07-17,1063.75
2008-07-18,1063.75
2008-07-21,1064.25
2008-07-22,1081.0
2008-07-23,1086.25
2008-07-24,1058.0
2008-07-25,1060.5
2008-07-28,1039.0
2008-07-29,1066.5
2008-07-30,1087.75
2008-07-31,1071.0
2008-08-01,1063.75
2008-08-04,1051.75
2008-08-05,1087.25
2008-08-06,1093.5
2008-08-07,1071.25
2008-08-08,1099.0
2008-08-11,1109.25
2008-08-12,1095.0
2008-08-13,1090.5
2008-08-14,1097.25
2008-08-15,1102.75
2008-08-18,1084.25
2008-08-19,1072.0
2008-08-20,1079.0
2008-08-21,1081.5
2008-08-22,1096.75
2008-08-25,1072.25
2008-08-26,1075.5
2008-08-27,1085.5
2008-08-28,1104.0
2008-08-29,1087.75
2008-09-02,1081.5
2008-09-03,1080.0
2008-09-04,1040.75
2008-09-05,1046.75
2008-09-08,1072.75
2008-09-09,1029.25
2008-09-10,1035.75
2008-09-11,1055.5
2008-09-12,1057.75
2008-09-15,1003.25
2008-09-16,1019.5
2008-09-17,963.25
2008-09-18,1009.25
2008-09-19,1057.0
2008-09-22,1011.5
2008-09-23,992.25
2008-09-24,994.0
2008-09-25,1019.75
2008-09-26,1022.75
2008-09-29,935.25
2008-09-30,977.25
2008-10-01,969.0
2008-10-02,922.0
2008-10-03,909.25
2008-10-06,870.75
2008-10-07,804.5
2008-10-08,791.5
2008-10-09,723.75
2008-10-10,711.0
2008-10-13,816.0
2008-10-14,805.25
2008-10-15,711.75
2008-10-16,749.75
2008-10-17,744.75
2008-10-20,789.0
2008-10-21,757.25
2008-10-22,702.75
2008-10-23,713.25
2008-10-24,677.0
2008-10-27,649.5
2008-10-28,743.75
2008-10-29,723.5
2008-10-30,756.25
2008-10-31,774.5
2008-11-03,768.25
2008-11-04,805.5
2008-11-05,754.5
2008-11-06,706.5
2008-11-07,732.5
2008-11-10,722.5
2008-11-11,700.5
2008-11-12,656.25
2008-11-13,715.75
2008-11-14,674.5
2008-11-17,653.25
2008-11-18,661.25
2008-11-19,610.25
2008-11-20,556.0
2008-11-21,603.0
2008-11-24,648.25
2008-11-25,660.0
2008-11-26,690.0
2008-12-01,619.5
2008-12-02,653.0
2008-12-03,673.5
2008-12-04,647.25
2008-12-05,679.25
2008-12-08,711.0
2008-12-09,692.25
2008-12-10,701.75
2008-12-11,677.5
2008-12-12,682.25
2008-12-15,673.0
2008-12-16,716.5
2008-12-17,707.25
2008-12-18,686.75
2008-12-19,686.25
2008-12-22,671.5
2008-12-23,663.0
2008-12-26,672.5
2008-12-29,670.25
2008-12-30,690.25
2008-12-31,703.75
2009-01-02,731.25
2009-01-05,729.5
2009-01-06,735.5
2009-01-07,707.75
2009-01-08,711.25
2009-01-09,690.5
2009-01-12,669.75
2009-01-13,670.75
2009-01-14,643.0
2009-01-15,644.5
2009-01-16,649.5
2009-01-20,605.5
2009-01-21,640.0
2009-01-22,627.25
2009-01-23,631.0
2009-01-26,637.0
2009-01-27,645.25
2009-01-28,674.0
2009-01-29,645.25
2009-01-30,626.0
2009-02-02,625.25
2009-02-03,637.5
2009-02-04,632.5
2009-02-05,645.75
2009-02-06,669.0
2009-02-09,670.75
2009-02-10,628.75
2009-02-11,635.75
2009-02-12,636.0
2009-02-13,627.0
2009-02-17,591.0
2009-02-18,589.25
2009-02-19,581.75
2009-02-20,573.0
2009-02-23,546.75
2009-02-24,574.75
2009-02-25,567.5
2009-02-26,555.25
2009-02-27,538.5
2009-03-02,504.5
2009-03-03,499.0
2009-03-04,516.0
2009-03-05,486.25
2009-03-06,487.0
2009-03-09,479.0
2009-03-10,520.75
2009-03-11,524.5
2009-03-12,553.75
2009-03-13,559.75
2009-03-16,558.0
2009-03-17,581.0
2009-03-18,597.25
2009-03-19,586.0
2009-03-20,570.25
2009-03-23,626.25
2009-03-24,609.25
2009-03-25,617.0
2009-03-26,635.0
2009-03-27,619.25
2009-03-30,591.25
2009-03-31,597.75
2009-04-01,613.25
2009-04-02,637.0
2009-04-03,645.5
2009-04-06,637.75
2009-04-07,618.5
2009-04-08,628.5
2009-04-09,661.25
2009-04-13,661.0
2009-04-14,645.75
2009-04-15,655.25
2009-04-16,668.0
2009-04-17,673.25
2009-04-20,636.5
2009-04-21,653.25
2009-04-22,647.75
2009-04-23,656.0
2009-04-24,668.75
2009-04-27,661.0
2009-04-28,658.0
2009-04-29,676.75
2009-04-30,676.5
2009-05-01,681.25
2009-05-04,711.75
2009-05-05,707.25
2009-05-06,723.75
2009-05-07,710.5
2009-05-08,733.0
2009-05-11,714.0
2009-05-12,712.5
2009-05-13,689.0
2009-05-14,696.75
2009-05-15,689.25
2009-05-18,715.0
2009-05-19,713.5
2009-05-20,708.0
2009-05-21,694.25
2009-05-22,693.0
2009-05-26,715.5
2009-05-27,699.0
2009-05-28,711.75
2009-05-29,728.5
2009-06-01,750.0
2009-06-02,750.5
2009-06-03,738.75
2009-06-04,747.75
2009-06-05,747.5
2009-06-08,745.25
2009-06-09,748.75
2009-06-10,746.0
2009-06-11,751.0
2009-06-12,753.5
2009-06-15,730.75
2009-06-16,718.5
2009-06-17,717.75
2009-06-18,723.75
2009-06-19,726.5
2009-06-22,699.5
2009-06-23,701.0
2009-06-24,707.5
2009-06-25,727.0
2009-06-26,724.5
2009-06-29,734.25
2009-06-30,727.0
2009-07-01,730.0
2009-07-02,704.5
2009-07-06,705.25
2009-07-07,687.0
2009-07-08,686.75
2009-07-09,688.5
2009-07-10,685.75
2009-07-13,707.5
2009-07-14,713.25
2009-07-15,739.75
2009-07-16,748.25
2009-07-17,747.75
2009-07-20,757.75
2009-07-21,762.0
2009-07-22,761.75
2009-07-23,783.25
2009-07-24,787.25
2009-07-27,790.0
2009-07-28,787.25
2009-07-29,783.25
2009-07-30,793.75
2009-07-31,795.0
2009-08-03,810.75
2009-08-04,813.5
2009-08-05,810.5
2009-08-06,805.25
2009-08-07,818.25
2009-08-10,816.0
2009-08-11,803.0
2009-08-12,814.5
2009-08-13,822.5
2009-08-14,813.75
2009-08-17,789.0
2009-08-18,798.5
2009-08-19,806.75
2009-08-20,816.5
2009-08-21,835.75
2009-08-24,835.75
2009-08-25,838.0
2009-08-26,838.25
2009-08-27,840.75
2009-08-28,839.75
2009-08-31,831.5
2009-09-01,808.25
2009-09-02,804.75
2009-09-03,812.75
2009-09-04,827.0
2009-09-08,835.25
2009-09-09,844.0
2009-09-10,854.25
2009-09-11,854.25
2009-09-14,859.75
2009-09-15,863.75
2009-09-16,879.5
2009-09-17,877.75
2009-09-18,878.5
2009-09-21,876.0
2009-09-22,882.25
2009-09-23,872.25
2009-09-24,861.75
2009-09-25,856.0
2009-09-28,874.25
2009-09-29,871.25
2009-09-30,866.5
2009-10-01,840.5
2009-10-02,836.25
2009-10-05,851.5
2009-10-06,866.5
2009-10-07,869.0
2009-10-08,877.25
2009-10-09,883.75
2009-10-12,888.25
2009-10-13,886.25
2009-10-14,904.5
2009-10-15,907.5
2009-10-16,900.0
2009-10-19,909.5
2009-10-20,903.0
2009-10-21,894.0
2009-10-22,904.25
2009-10-23,892.0
2009-10-26,879.5
2009-10-27,875.5
2009-10-28,855.25
2009-10-29,877.5
2009-10-30,847.25
2009-11-02,854.75
2009-11-03,857.5
2009-11-04,859.25
2009-11-05,879.25
2009-11-06,882.5
2009-11-09,906.5
2009-11-10,906.75
2009-11-11,912.0
2009-11-12,901.25
2009-11-13,907.25
2009-11-16,923.0
2009-11-17,924.5
2009-11-18,923.75
2009-11-19,909.0
2009-11-20,906.5
2009-11-23,919.75
2009-11-24,920.25
2009-11-25,924.75
2009-11-30,910.5
2009-12-01,923.25
2009-12-02,923.75
2009-12-03,915.0
2009-12-04,921.0
2009-12-07,918.5
2009-12-08,907.25
2009-12-09,910.75
2009-12-10,917.75
2009-12-11,923.25
2009-12-14,930.25
2009-12-15,924.5
2009-12-16,926.25
2009-12-17,912.75
2009-12-18,919.5
2009-12-21,930.5
2009-12-22,934.25
2009-12-23,937.0
2009-12-28,944.5
2009-12-29,943.25
2009-12-30,942.25
2009-12-31,931.0
2010-01-04,950.0
2010-01-05,952.75
2010-01-06,954.0
2010-01-07,958.75
2010-01-08,962.25
2010-01-11,963.75
2010-01-12,953.25
2010-01-13,963.0
2010-01-14,965.75
2010-01-15,953.0
2010-01-19,967.0
2010-01-20,955.5
2010-01-21,933.25
2010-01-22,908.75
2010-01-25,914.0
2010-01-26,909.5
2010-01-27,914.5
2010-01-28,902.0
2010-01-29,890.5
2010-02-01,906.5
2010-02-02,920.25
2010-02-03,914.75
2010-02-04,881.0
2010-02-05,883.5
2010-02-08,875.0
2010-02-09,888.75
2010-02-10,886.25
2010-02-11,897.25
2010-02-12,896.5
2010-02-16,913.75
2010-02-17,919.0
2010-02-18,926.0
2010-02-19,928.0
2010-02-22,927.75
2010-02-23,914.0
2010-02-24,924.5
2010-02-25,923.5
2010-02-26,924.75
2010-03-01,935.25
2010-03-02,938.0
2010-03-03,939.0
2010-03-04,942.5
2010-03-05,959.0
2010-03-08,958.75
2010-03-09,960.75
2010-03-10,966.0
2010-03-11,970.75
2010-03-12,970.5
2010-03-15,971.25
2010-03-16,980.25
2010-03-17,987.25
2010-03-18,986.5
2010-03-19,980.25
2010-03-22,986.75
2010-03-23,995.25
2010-03-24,989.0
2010-03-25,987.0
2010-03-26,987.5
2010-03-29,994.5
2010-03-30,994.75
2010-03-31,990.5
2010-04-01,999.0
2010-04-05,1008.5
2010-04-06,1010.75
2010-04-07,1004.75
2010-04-08,1008.25
2010-04-09,1016.0
2010-04-12,1018.25
2010-04-13,1019.25
2010-04-14,1032.5
2010-04-15,1034.0
2010-04-16,1014.25
2010-04-19,1019.0
2010-04-20,1029.25
2010-04-21,1027.0
2010-04-22,1030.75
2010-04-23,1038.75
2010-04-26,1034.25
2010-04-27,1005.5
2010-04-28,1014.0
2010-04-29,1029.0
2010-04-30,1009.0
2010-05-03,1024.5
2010-05-04,995.75
2010-05-05,988.75
2010-05-06,949.5
2010-05-07,933.5
2010-05-10,982.0
2010-05-11,979.0
2010-05-12,995.0
2010-05-13,980.5
2010-05-14,959.5
2010-05-17,960.0
2010-05-18,944.75
2010-05-19,938.5
2010-05-20,895.5
2010-05-21,911.25
2010-05-24,897.5
2010-05-25,898.5
2010-05-26,891.75
2010-05-27,928.25
2010-05-28,914.0
2010-06-01,895.5
2010-06-02,923.5
2010-06-03,927.25
2010-06-04,890.5
2010-06-07,875.25
2010-06-08,886.0
2010-06-09,880.5
2010-06-10,912.25
2010-06-11,917.0
2010-06-14,915.5
2010-06-15,940.0
2010-06-16,939.5
2010-06-17,941.0
2010-06-18,942.25
2010-06-21,938.75
2010-06-22,921.25
2010-06-23,917.25
2010-06-24,899.25
2010-06-25,903.75
2010-06-28,899.5
2010-06-29,867.0
2010-06-30,855.75
2010-07-01,852.5
2010-07-02,846.75
2010-07-06,853.25
2010-07-07,885.75
2010-07-08,896.25
2010-07-09,903.75
2010-07-12,905.0
2010-07-13,921.25
2010-07-14,921.25
2010-07-15,921.75
2010-07-16,891.0
2010-07-19,897.75
2010-07-20,909.25
2010-07-21,895.5
2010-07-22,919.0
2010-07-23,928.75
2010-07-26,940.5
2010-07-27,939.75
2010-07-28,932.5
2010-07-29,927.25
2010-07-30,927.75
2010-08-02,952.0
2010-08-03,946.5
2010-08-04,954.5
2010-08-05,953.25
2010-08-06,948.5
2010-08-09,954.25
2010-08-10,948.5
2010-08-11,917.25
2010-08-12,910.75
2010-08-13,907.25
2010-08-16,907.25
2010-08-17,920.25
2010-08-18,922.25
2010-08-19,903.5
2010-08-20,899.5
2010-08-23,895.5
2010-08-24,879.75
2010-08-25,883.5
2010-08-26,876.0
2010-08-27,892.75
2010-08-30,877.25
2010-08-31,876.75
2010-09-01,908.75
2010-09-02,918.75
2010-09-03,933.5
2010-09-07,920.75
2010-09-08,928.0
2010-09-09,933.25
2010-09-10,939.25
2010-09-13,951.25
2010-09-14,950.5
2010-09-15,955.0
2010-09-16,954.5
2010-09-17,954.5
2010-09-20,972.0
2010-09-21,969.75
2010-09-22,964.25
2010-09-23,954.5
2010-09-24,977.75
2010-09-27,973.0
2010-09-28,977.25
2010-09-29,974.25
2010-09-30,970.75
2010-10-01,975.75
2010-10-04,967.0
2010-10-05,990.25
2010-10-06,990.25
2010-10-07,988.75
2010-10-08,995.5
2010-10-11,996.25
2010-10-12,1000.25
2010-10-13,1008.75
2010-10-14,1005.0
2010-10-15,1007.25
2010-10-18,1015.5
2010-10-19,997.0
2010-10-20,1008.5
2010-10-21,1010.75
2010-10-22,1013.75
2010-10-25,1016.5
2010-10-26,1017.0
2010-10-27,1013.25
2010-10-28,1014.5
2010-10-29,1014.5
2010-11-01,1015.5
2010-11-02,1024.5
2010-11-03,1029.5
2010-11-04,1052.25
2010-11-05,1057.0
2010-11-08,1055.0
2010-11-09,1045.75
2010-11-10,1050.25
2010-11-11,1046.25
2010-11-12,1031.5
2010-11-15,1029.75
2010-11-16,1011.0
2010-11-17,1011.75
2010-11-18,1029.5
2010-11-19,1032.5
2010-11-22,1031.0
2010-11-23,1013.5
2010-11-24,1031.5
2010-11-29,1021.25
2010-11-30,1014.0
2010-12-01,1039.5
2010-12-02,1055.25
2010-12-03,1058.0
2010-12-06,1056.75
2010-12-07,1057.75
2010-12-08,1062.0
2010-12-09,1067.0
2010-12-10,1074.5
2010-12-13,1074.75
2010-12-14,1075.75
2010-12-15,1070.25
2010-12-16,1077.5
2010-12-17,1079.25
2010-12-20,1081.75
2010-12-21,1089.25
2010-12-22,1093.5
2010-12-23,1091.5
2010-12-27,1092.5
2010-12-28,1093.75
2010-12-29,1095.25
2010-12-30,1093.25
2010-12-31,1093.5
2011-01-03,1106.0
2011-01-04,1105.0
2011-01-05,1112.0
2011-01-06,1109.5
2011-01-07,1106.75
2011-01-10,1105.25
2011-01-11,1109.75
2011-01-12,1121.5
2011-01-13,1119.25
2011-01-14,1128.0
2011-01-18,1130.75
2011-01-19,1117.75
2011-01-20,1116.5
2011-01-21,1119.5
2011-01-24,1126.75
2011-01-25,1126.75
2011-01-26,1132.25
2011-01-27,1135.25
2011-01-28,1112.0
2011-01-31,1122.0
2011-02-01,1142.75
2011-02-02,1139.75
2011-02-03,1143.0
2011-02-04,1146.75
2011-02-07,1155.0
2011-02-08,1161.0
2011-02-09,1158.0
2011-02-10,1158.75
2011-02-11,1166.5
2011-02-14,1169.25
2011-02-15,1165.25
2011-02-16,1173.25
2011-02-17,1177.75
2011-02-18,1180.75
2011-02-22,1153.5
2011-02-23,1145.5
2011-02-24,1144.5
2011-02-25,1158.0
2011-02-28,1166.25
2011-03-01,1144.0
2011-03-02,1146.75
2011-03-03,1169.25
2011-03-04,1159.25
2011-03-07,1149.0
2011-03-08,1160.75
2011-03-09,1158.5
2011-03-10,1134.0
2011-03-11,1143.0
2011-03-14,1135.25
2011-03-15,1120.75
2011-03-16,1096.5
2011-03-17,1112.25
2011-03-18,1117.5
2011-03-21,1137.25
2011-03-22,1132.75
2011-03-23,1136.25
2011-03-24,1148.75
2011-03-25,1152.75
2011-03-28,1149.5
2011-03-29,1158.5
2011-03-30,1167.75
2011-03-31,1165.75
2011-04-01,1171.5
2011-04-04,1172.25
2011-04-05,1171.75
2011-04-06,1175.75
2011-04-07,1173.25
2011-04-08,1167.75
2011-04-11,1164.25
2011-04-12,1154.5
2011-04-13,1154.25
2011-04-14,1155.25
2011-04-15,1160.25
2011-04-18,1145.0
2011-04-19,1152.25
2011-04-20,1171.0
2011-04-21,1177.0
2011-04-25,1175.5
2011-04-26,1187.25
2011-04-27,1195.75
2011-04-28,1200.5
2011-04-29,1204.0
2011-05-02,1201.75
2011-05-03,1196.75
2011-05-04,1187.5
2011-05-05,1175.25
2011-05-06,1181.0
2011-05-09,1186.5
2011-05-10,1198.25
2011-05-11,1183.75
2011-05-12,1190.0
2011-05-13,1179.25
2011-05-16,1171.25
2011-05-17,1171.0
2011-05-18,1182.75
2011-05-19,1185.75
2011-05-20,1175.0
2011-05-23,1159.75
2011-05-24,1158.75
2011-05-25,1162.75
2011-05-26,1169.0
2011-05-27,1174.0
2011-05-31,1188.25
2011-06-01,1157.25
2011-06-02,1155.5
2011-06-03,1143.0
2011-06-06,1129.0
2011-06-07,1128.0
2011-06-08,1123.0
2011-06-09,1132.25
2011-06-10,1113.5
2011-06-13,1115.0
2011-06-14,1131.75
2011-06-15,1108.25
2011-06-16,1111.25
2011-06-17,1115.0
2011-06-20,1121.75
2011-06-21,1139.0
2011-06-22,1131.25
2011-06-23,1127.5
2011-06-24,1112.5
2011-06-27,1123.75
2011-06-28,1140.75
2011-06-29,1152.25
2011-06-30,1164.25
2011-07-01,1183.75
2011-07-05,1182.25
2011-07-06,1184.25
2011-07-07,1198.5
2011-07-08,1188.5
2011-07-11,1164.25
2011-07-12,1158.25
2011-07-13,1163.0
2011-07-14,1153.75
2011-07-15,1161.5
2011-07-18,1150.0
2011-07-19,1171.75
2011-07-20,1170.5
2011-07-21,1189.0
2011-07-22,1190.0
2011-07-25,1182.75
2011-07-26,1177.75
2011-07-27,1150.25
2011-07-28,1146.5
2011-07-29,1137.25
2011-08-01,1132.0
2011-08-02,1099.0
2011-08-03,1106.0
2011-08-04,1046.0
2011-08-05,1044.0
2011-08-08,966.25
2011-08-09,1018.5
2011-08-10,965.75
2011-08-11,1017.0
2011-08-12,1025.25
2011-08-15,1050.25
2011-08-16,1039.0
2011-08-17,1040.25
2011-08-18,989.0
2011-08-19,970.5
2011-08-22,971.0
2011-08-23,1008.25
2011-08-24,1024.5
2011-08-25,1006.75
2011-08-26,1022.75
2011-08-29,1057.0
2011-08-30,1059.5
2011-08-31,1066.0
2011-09-01,1053.0
2011-09-02,1021.5
2011-09-06,1013.25
2011-09-07,1046.0
2011-09-08,1033.5
2011-09-09,1002.25
2011-09-12,1010.5
2011-09-13,1020.5
2011-09-14,1037.0
2011-09-15,1057.75
2011-09-16,1064.75
2011-09-19,1052.5
2011-09-20,1051.5
2011-09-21,1014.25
2011-09-22,977.75
2011-09-23,983.5
2011-09-26,1011.0
2011-09-27,1024.75
2011-09-28,1000.0
2011-09-29,1009.5
2011-09-30,980.75
2011-10-03,947.75
2011-10-04,972.0
2011-10-05,993.5
2011-10-06,1014.0
2011-10-07,1006.0
2011-10-10,1045.5
2011-10-11,1046.0
2011-10-12,1056.75
2011-10-13,1054.0
2011-10-14,1075.5
2011-10-17,1051.25
2011-10-18,1075.25
2011-10-19,1060.75
2011-10-20,1065.5
2011-10-21,1089.0
2011-10-24,1104.5
2011-10-25,1080.25
2011-10-26,1092.75
2011-10-27,1135.75
2011-10-28,1136.0
2011-10-31,1103.25
2011-11-01,1069.25
2011-11-02,1089.25
2011-11-03,1112.25
2011-11-04,1104.25
2011-11-07,1112.0
2011-11-08,1128.5
2011-11-09,1081.0
2011-11-10,1092.0
2011-11-11,1116.5
2011-11-14,1104.25
2011-11-15,1110.75
2011-11-16,1090.0
2011-11-17,1070.5
2011-11-18,1069.25
2011-11-21,1045.5
2011-11-22,1040.75
2011-11-23,1015.5
2011-11-28,1046.25
2011-11-29,1049.75
2011-11-30,1100.0
2011-12-01,1099.25
2011-12-02,1097.75
2011-12-05,1111.75
2011-12-06,1112.5
2011-12-07,1115.75
2011-12-08,1089.0
2011-12-09,1109.25
2011-12-12,1090.75
2011-12-13,1079.5
2011-12-14,1065.75
2011-12-15,1070.25
2011-12-16,1072.5
2011-12-19,1059.0
2011-12-20,1095.5
2011-12-21,1098.0
2011-12-22,1109.25
2011-12-23,1120.0
2011-12-27,1121.0
2011-12-28,1105.75
2011-12-29,1118.0
2011-12-30,1112.25
2012-01-03,1132.0
2012-01-04,1133.0
2012-01-05,1136.5
2012-01-06,1134.0
2012-01-09,1136.0
2012-01-10,1147.75
2012-01-11,1148.5
2012-01-12,1151.25
2012-01-13,1145.5
2012-01-17,1149.5
2012-01-18,1163.75
2012-01-19,1171.0
2012-01-20,1171.5
2012-01-23,1172.0
2012-01-24,1170.75
2012-01-25,1182.0
2012-01-26,1175.0
2012-01-27,1173.25
2012-01-30,1169.75
2012-01-31,1168.25
2012-02-01,1180.5
2012-02-02,1182.75
2012-02-03,1201.5
2012-02-06,1200.25
2012-02-07,1203.75
2012-02-08,1207.5
2012-02-09,1209.5
2012-02-10,1199.75
2012-02-13,1209.0
2012-02-14,1208.0
2012-02-15,1201.25
2012-02-16,1216.25
2012-02-17,1219.75
2012-02-21,1220.5
2012-02-22,1216.0
2012-02-23,1222.25
2012-02-24,1224.5
2012-02-27,1227.0
2012-02-28,1231.5
2012-02-29,1224.75
2012-03-01,1232.75
2012-03-02,1228.75
2012-03-05,1223.5
2012-03-06,1202.5
2012-03-07,1212.5
2012-03-08,1226.0
2012-03-09,1231.5
2012-03-12,1231.5
2012-03-13,1256.5
2012-03-14,1255.0
2012-03-15,1262.5
2012-03-16,1264.75
2012-03-19,1270.0
2012-03-20,1265.75
2012-03-21,1263.75
2012-03-22,1253.0
2012-03-23,1258.25
2012-03-26,1277.25
2012-03-27,1273.25
2012-03-28,1266.75
2012-03-29,1263.75
2012-03-30,1269.0
2012-04-02,1279.75
2012-04-03,1274.5
2012-04-04,1260.0
2012-04-05,1259.0
2012-04-09,1243.75
2012-04-10,1219.75
2012-04-11,1230.75
2012-04-12,1249.5
2012-04-13,1232.5
2012-04-16,1231.25
2012-04-17,1252.25
2012-04-18,1247.5
2012-04-19,1238.75
2012-04-20,1240.5
2012-04-23,1228.75
2012-04-24,1234.25
2012-04-25,1253.0
2012-04-26,1262.5
2012-04-27,1265.25
2012-04-30,1259.25
2012-05-01,1268.5
2012-05-02,1264.25
2012-05-03,1254.0
2012-05-04,1231.0
2012-05-07,1231.75
2012-05-08,1226.0
2012-05-09,1218.0
2012-05-10,1221.0
2012-05-11,1216.5
2012-05-14,1202.0
2012-05-15,1194.0
2012-05-16,1189.25
2012-05-17,1169.0
2012-05-18,1158.75
2012-05-21,1180.25
2012-05-22,1181.25
2012-05-23,1183.0
2012-05-24,1185.25
2012-05-25,1182.0
2012-05-29,1197.75
2012-05-30,1178.5
2012-05-31,1176.0
2012-06-01,1142.5
2012-06-04,1142.25
2012-06-05,1150.25
2012-06-06,1180.75
2012-06-07,1180.75
2012-06-08,1191.25
2012-06-11,1175.5
2012-06-12,1190.0
2012-06-13,1181.5
2012-06-14,1195.75
2012-06-15,1208.25
2012-06-18,1211.25
2012-06-19,1224.25
2012-06-20,1222.0
2012-06-21,1192.0
2012-06-22,1202.0
2012-06-25,1180.0
2012-06-26,1186.75
2012-06-27,1198.75
2012-06-28,1195.0
2012-06-29,1229.5
2012-07-02,1232.0
2012-07-05,1235.5
2012-07-06,1222.25
2012-07-09,1220.5
2012-07-10,1208.75
2012-07-11,1208.75
2012-07-12,1202.75
2012-07-13,1224.0
2012-07-16,1221.25
2012-07-17,1230.75
2012-07-18,1240.5
2012-07-19,1244.25
2012-07-20,1231.5
2012-07-23,1218.0
2012-07-24,1206.5
2012-07-25,1206.25
2012-07-26,1228.0
2012-07-27,1254.0
2012-07-30,1254.0
2012-07-31,1246.75
2012-08-01,1243.25
2012-08-02,1233.25
2012-08-03,1260.25
2012-08-06,1263.25
2012-08-07,1270.0
2012-08-08,1271.75
2012-08-09,1272.5
2012-08-10,1275.25
2012-08-13,1274.5
2012-08-14,1274.5
2012-08-15,1276.0
2012-08-16,1286.75
2012-08-17,1288.25
2012-08-20,1288.5
2012-08-21,1284.5
2012-08-22,1284.75
2012-08-23,1273.75
2012-08-24,1282.0
2012-08-27,1281.75
2012-08-28,1280.75
2012-08-29,1281.75
2012-08-30,1271.25
2012-08-31,1278.0
2012-09-04,1276.0
2012-09-05,1275.5
2012-09-06,1304.0
2012-09-07,1310.0
2012-09-10,1301.75
2012-09-11,1305.25
2012-09-12,1309.75
2012-09-13,1333.0
2012-09-14,1338.75
2012-09-17,1334.5
2012-09-18,1333.25
2012-09-19,1334.25
2012-09-20,1334.0
2012-09-21,1333.25
2012-09-24,1330.75
2012-09-25,1316.0
2012-09-26,1307.75
2012-09-27,1321.25
2012-09-28,1313.5
2012-10-01,1317.25
2012-10-02,1318.75
2012-10-03,1325.25
2012-10-04,1336.5
2012-10-05,1336.0
2012-10-08,1331.0
2012-10-09,1316.5
2012-10-10,1307.5
2012-10-11,1308.25
2012-10-12,1303.25
2012-10-15,1315.25
2012-10-16,1330.0
2012-10-17,1336.25
2012-10-18,1333.0
2012-10-19,1307.5
2012-10-22,1308.5
2012-10-23,1287.75
2012-10-24,1284.0
2012-10-25,1288.0
2012-10-26,1287.0
2012-10-31,1286.0
2012-11-01,1302.5
2012-11-02,1289.25
2012-11-05,1292.75
2012-11-06,1303.25
2012-11-07,1270.75
2012-11-08,1253.75
2012-11-09,1255.5
2012-11-12,1256.25
2012-11-13,1251.75
2012-11-14,1232.5
2012-11-15,1230.25
2012-11-16,1237.0
2012-11-19,1264.5
2012-11-20,1265.75
2012-11-21,1268.5
2012-11-26,1284.0
2012-11-27,1277.5
2012-11-28,1287.75
2012-11-29,1294.75
2012-11-30,1293.75
2012-12-03,1287.5
2012-12-04,1285.25
2012-12-05,1288.0
2012-12-06,1292.75
2012-12-07,1296.75
2012-12-10,1297.75
2012-12-11,1307.25
2012-12-12,1308.0
2012-12-13,1300.0
2012-12-14,1293.75
2012-12-17,1311.0
2012-12-18,1327.5
2012-12-19,1317.25
2012-12-20,1324.5
2012-12-21,1310.75
2012-12-26,1300.5
2012-12-27,1298.75
2012-12-28,1281.75
2012-12-31,1307.5
2013-01-02,1343.25
2013-01-03,1340.0
2013-01-04,1346.5
2013-01-07,1342.25
2013-01-08,1337.5
2013-01-09,1341.5
2013-01-10,1352.75
2013-01-11,1353.0
2013-01-14,1351.75
2013-01-15,1352.25
2013-01-16,1352.25
2013-01-17,1361.25
2013-01-18,1365.25
2013-01-22,1372.75
2013-01-23,1375.5
2013-01-24,1376.0
2013-01-25,1384.0
2013-01-28,1382.5
2013-01-29,1388.75
2013-01-30,1383.0
2013-01-31,1380.25
2013-02-01,1394.0
2013-02-04,1377.25
2013-02-05,1392.5
2013-02-06,1393.5
2013-02-07,1391.25
2013-02-08,1399.5
2013-02-11,1399.0
2013-02-12,1401.75
2013-02-13,1403.25
2013-02-14,1404.75
2013-02-15,1403.25
2013-02-19,1414.0
2013-02-20,1394.75
2013-02-21,1385.75
2013-02-22,1399.75
2013-02-25,1371.5
2013-02-26,1381.5
2013-02-27,1400.75
2013-02-28,1397.25
2013-03-01,1402.75
2013-03-04,1409.75
2013-03-05,1424.25
2013-03-06,1426.5
2013-03-07,1429.25
2013-03-08,1436.25
2013-03-11,1441.5
2013-03-12,1438.25
2013-03-13,1440.0
2013-03-14,1448.0
2013-03-15,1445.75
2013-03-18,1437.0
2013-03-19,1433.75
2013-03-20,1443.75
2013-03-21,1430.75
2013-03-22,1442.5
2013-03-25,1437.25
2013-03-26,1449.0
2013-03-27,1448.75
2013-03-28,1453.25
2013-04-01,1448.0
2013-04-02,1455.5
2013-04-03,1440.0
2013-04-04,1446.0
2013-04-05,1439.25
2013-04-08,1449.25
2013-04-09,1454.75
2013-04-10,1474.25
2013-04-11,1479.5
2013-04-12,1475.5
2013-04-15,1438.0
2013-04-16,1461.0
2013-04-17,1437.25
2013-04-18,1428.25
2013-04-19,1440.75
2013-04-22,1448.5
2013-04-23,1465.25
2013-04-24,1465.75
2013-04-25,1472.5
2013-04-26,1469.75
2013-04-29,1480.25
2013-04-30,1483.75
2013-05-01,1469.75
2013-05-02,1484.0
2013-05-03,1500.5
2013-05-06,1504.75
2013-05-07,1512.75
2013-05-08,1520.25
2013-05-09,1515.5
2013-05-10,1521.0
2013-05-13,1522.0
2013-05-14,1539.25
2013-05-15,1547.5
2013-05-16,1539.75
2013-05-17,1556.5
2013-05-20,1556.0
2013-05-21,1558.25
2013-05-22,1545.25
2013-05-23,1540.75
2013-05-24,1539.5
2013-05-28,1549.25
2013-05-29,1538.75
2013-05-30,1544.25
2013-05-31,1520.5
2013-06-03,1529.75
2013-06-04,1521.0
2013-06-05,1498.5
2013-06-06,1512.75
2013-06-07,1534.0
2013-06-10,1533.25
2013-06-11,1517.0
2013-06-12,1503.5
2013-06-13,1528.0
2013-06-14,1517.75
2013-06-17,1530.5
2013-06-18,1543.5
2013-06-19,1520.5
2013-06-20,1478.5
2013-06-21,1484.25
2013-06-24,1463.75
2013-06-25,1479.25
2013-06-26,1494.75
2013-06-27,1504.5
2013-06-28,1495.0
2013-07-01,1506.5
2013-07-02,1504.5
2013-07-05,1522.75
2013-07-08,1531.75
2013-07-09,1543.75
2013-07-10,1544.5
2013-07-11,1567.25
2013-07-12,1570.0
2013-07-15,1575.0
2013-07-16,1568.5
2013-07-17,1572.75
2013-07-18,1582.25
2013-07-19,1585.0
2013-07-22,1588.25
2013-07-23,1585.5
2013-07-24,1578.5
2013-07-25,1582.75
2013-07-26,1584.5
2013-07-29,1578.75
2013-07-30,1578.75
2013-07-31,1579.0
2013-08-01,1599.5
2013-08-02,1602.0
2013-08-05,1600.0
2013-08-06,1590.25
2013-08-07,1585.0
2013-08-08,1590.75
2013-08-09,1586.0
2013-08-12,1583.75
2013-08-13,1588.75
2013-08-14,1580.0
2013-08-15,1556.0
2013-08-16,1551.0
2013-08-19,1540.0
2013-08-20,1548.0
2013-08-21,1538.0
2013-08-22,1552.0
2013-08-23,1557.75
2013-08-26,1551.75
2013-08-27,1525.25
2013-08-28,1531.0
2013-08-29,1533.25
2013-08-30,1527.25
2013-09-03,1535.25
2013-09-04,1549.25
2013-09-05,1550.5
2013-09-06,1551.5
2013-09-09,1567.75
2013-09-10,1580.75
2013-09-11,1586.0
2013-09-12,1581.25
2013-09-13,1585.5
2013-09-16,1595.0
2013-09-17,1602.75
2013-09-18,1623.0
2013-09-19,1620.0
2013-09-20,1607.25
2013-09-23,1599.5
2013-09-24,1595.5
2013-09-25,1591.0
2013-09-26,1596.5
2013-09-27,1589.25
2013-09-30,1580.0
2013-10-01,1593.0
2013-10-02,1591.25
2013-10-03,1576.25
2013-10-04,1588.25
2013-10-07,1573.75
2013-10-08,1554.0
2013-10-09,1555.0
2013-10-10,1591.25
2013-10-11,1602.0
2013-10-14,1609.25
2013-10-15,1596.5
2013-10-16,1620.5
2013-10-17,1631.75
2013-10-18,1643.25
2013-10-21,1643.25
2013-10-22,1653.75
2013-10-23,1645.75
2013-10-24,1651.25
2013-10-25,1659.25
2013-10-28,1661.75
2013-10-29,1672.0
2013-10-30,1663.25
2013-10-31,1656.75
2013-11-01,1660.75
2013-11-04,1667.5
2013-11-05,1662.25
2013-11-06,1671.0
2013-11-07,1649.0
2013-11-08,1672.0
2013-11-11,1672.25
2013-11-12,1669.25
2013-11-13,1682.75
2013-11-14,1692.25
2013-11-15,1699.75
2013-11-18,1693.75
2013-11-19,1689.75
2013-11-20,1683.75
2013-11-21,1698.0
2013-11-22,1707.0
2013-11-25,1706.0
2013-11-26,1706.25
2013-11-27,1710.75
2013-12-02,1704.25
2013-12-03,1698.0
2013-12-04,1696.0
2013-12-05,1689.0
2013-12-06,1708.5
2013-12-09,1713.0
2013-12-10,1707.0
2013-12-11,1685.5
2013-12-12,1680.5
2013-12-13,1679.25
2013-12-16,1690.75
2013-12-17,1684.5
2013-12-18,1715.5
2013-12-19,1713.5
2013-12-20,1723.75
2013-12-23,1733.0
2013-12-26,1747.0
2013-12-27,1746.5
2013-12-30,1746.0
2013-12-31,1753.25
2014-01-02,1736.75
2014-01-03,1735.25
2014-01-06,1731.25
2014-01-07,1741.5
2014-01-08,1742.5
2014-01-09,1743.0
2014-01-10,1747.75
2014-01-13,1724.0
2014-01-14,1743.75
2014-01-15,1753.5
2014-01-16,1750.75
2014-01-17,1742.75
2014-01-21,1748.75
2014-01-22,1749.75
2014-01-23,1734.0
2014-01-24,1695.0
2014-01-27,1686.25
2014-01-28,1696.75
2014-01-29,1679.25
2014-01-30,1699.25
2014-01-31,1686.75
2014-02-03,1647.5
2014-02-04,1659.5
2014-02-05,1656.75
2014-02-06,1679.75
2014-02-07,1702.5
2014-02-10,1705.5
2014-02-11,1725.0
2014-02-12,1726.25
2014-02-13,1736.0
2014-02-14,1745.5
2014-02-18,1748.0
2014-02-19,1735.75
2014-02-20,1747.0
2014-02-21,1744.5
2014-02-24,1755.5
2014-02-25,1753.5
2014-02-26,1753.75
2014-02-27,1764.0
2014-02-28,1768.75
2014-03-03,1754.5
2014-03-04,1782.0
2014-03-05,1782.75
2014-03-06,1787.25
2014-03-07,1787.5
2014-03-10,1787.25
2014-03-11,1777.25
2014-03-12,1778.25
2014-03-13,1757.25
2014-03-14,1751.25
2014-03-17,1768.5
2014-03-18,1782.25
2014-03-19,1771.5
2014-03-20,1782.0
2014-03-21,1774.75
2014-03-24,1767.0
2014-03-25,1776.25
2014-03-26,1762.25
2014-03-27,1758.5
2014-03-28,1767.0
2014-03-31,1782.5
2014-04-01,1795.0
2014-04-02,1801.25
2014-04-03,1798.5
2014-04-04,1776.25
2014-04-07,1755.5
2014-04-08,1763.5
2014-04-09,1783.5
2014-04-10,1743.25
2014-04-11,1726.75
2014-04-14,1741.25
2014-04-15,1754.25
2014-04-16,1773.25
2014-04-17,1775.75
2014-04-21,1782.5
2014-04-22,1790.5
2014-04-23,1786.75
2014-04-24,1790.25
2014-04-25,1775.0
2014-04-28,1781.0
2014-04-29,1789.5
2014-04-30,1795.75
2014-05-01,1795.25
2014-05-02,1792.5
2014-05-05,1796.0
2014-05-06,1779.75
2014-05-07,1791.0
2014-05-08,1788.75
2014-05-09,1792.25
2014-05-12,1809.5
2014-05-13,1811.25
2014-05-14,1802.5
2014-05-15,1785.5
2014-05-16,1792.5
2014-05-19,1799.0
2014-05-20,1787.0
2014-05-21,1802.75
2014-05-22,1807.75
2014-05-23,1815.5
2014-05-27,1827.0
2014-05-28,1825.0
2014-05-29,1835.25
2014-05-30,1838.25
2014-06-02,1840.25
2014-06-03,1839.5
2014-06-04,1843.0
2014-06-05,1856.0
2014-06-06,1865.5
2014-06-09,1867.5
2014-06-10,1867.75
2014-06-11,1861.0
2014-06-12,1846.5
2014-06-13,1852.5
2014-06-16,1854.0
2014-06-17,1859.0
2014-06-18,1873.25
2014-06-19,1875.5
2014-06-20,1879.5
2014-06-23,1878.25
2014-06-24,1866.75
2014-06-25,1875.5
2014-06-26,1874.5
2014-06-27,1878.0
2014-06-30,1877.0
2014-07-01,1890.75
2014-07-02,1892.5
2014-07-07,1895.25
2014-07-08,1882.75
2014-07-09,1891.25
2014-07-10,1883.25
2014-07-11,1886.25
2014-07-14,1895.75
2014-07-15,1892.75
2014-07-16,1899.75
2014-07-17,1876.75
2014-07-18,1897.0
2014-07-21,1893.0
2014-07-22,1901.5
2014-07-23,1906.0
2014-07-24,1906.25
2014-07-25,1897.0
2014-07-28,1897.5
2014-07-29,1889.5
2014-07-30,1890.0
2014-07-31,1849.75
2014-08-01,1844.25
2014-08-04,1858.25
2014-08-05,1839.0
2014-08-06,1839.75
2014-08-07,1829.25
2014-08-08,1851.5
2014-08-11,1857.0
2014-08-12,1854.5
2014-08-13,1868.25
2014-08-14,1876.5
2014-08-15,1876.25
2014-08-18,1892.75
2014-08-19,1903.0
2014-08-20,1908.25
2014-08-21,1914.0
2014-08-22,1910.75
2014-08-25,1921.0
2014-08-26,1922.5
2014-08-27,1921.75
2014-08-28,1920.5
2014-08-29,1926.0
2014-09-02,1924.75
2014-09-03,1924.0
2014-09-04,1921.0
2014-09-05,1930.25
2014-09-08,1925.0
2014-09-09,1912.25
2014-09-10,1919.75
2014-09-11,1921.5
2014-09-12,1909.75
2014-09-15,1908.25
2014-09-16,1923.5
2014-09-17,1926.0
2014-09-18,1936.5
2014-09-19,1935.25
2014-09-22,1919.25
2014-09-23,1907.75
2014-09-24,1924.0
2014-09-25,1890.75
2014-09-26,1907.25
2014-09-29,1903.0
2014-09-30,1897.75
2014-10-01,1870.75
2014-10-02,1871.0
2014-10-03,1892.5
2014-10-06,1889.75
2014-10-07,1859.5
2014-10-08,1893.5
2014-10-09,1853.5
2014-10-10,1832.25
2014-10-13,1800.5
2014-10-14,1804.5
2014-10-15,1789.25
2014-10-16,1789.0
2014-10-17,1812.0
2014-10-20,1830.0
2014-10-21,1867.25
2014-10-22,1853.75
2014-10-23,1876.5
2014-10-24,1890.5
2014-10-27,1887.75
2014-10-28,1910.5
2014-10-29,1908.25
2014-10-30,1921.5
2014-10-31,1943.75
2014-11-03,1944.5
2014-11-04,1938.25
2014-11-05,1950.75
2014-11-06,1959.0
2014-11-07,1961.0
2014-11-10,1966.75
2014-11-11,1969.0
2014-11-12,1967.25
2014-11-13,1969.0
2014-11-14,1969.5
2014-11-17,1971.0
2014-11-18,1983.0
2014-11-19,1979.25
2014-11-20,1983.5
2014-11-21,1994.25
2014-11-24,2000.25
2014-11-25,1999.5
2014-11-26,2003.5
2014-12-01,1985.25
2014-12-02,1998.0
2014-12-03,2006.0
2014-12-04,2003.5
2014-12-05,2007.0
2014-12-08,1993.25
2014-12-09,1991.75
2014-12-10,1958.5
2014-12-11,1968.5
2014-12-12,1935.25
2014-12-15,1921.0
2014-12-16,1905.75
2014-12-17,1946.75
2014-12-18,1996.0
2014-12-19,2006.75
2014-12-22,2014.25
2014-12-23,2017.25
2014-12-26,2023.0
2014-12-29,2025.5
2014-12-30,2013.5
2014-12-31,1991.5
2015-01-02,1990.25
2015-01-05,1953.75
2015-01-06,1934.25
2015-01-07,1959.0
2015-01-08,1995.5
2015-01-09,1977.5
2015-01-12,1961.75
2015-01-13,1956.25
2015-01-14,1944.5
2015-01-15,1925.5
2015-01-16,1951.25
2015-01-20,1956.25
2015-01-21,1966.5
2015-01-22,1996.75
2015-01-23,1985.0
2015-01-26,1990.25
2015-01-27,1962.75
2015-01-28,1935.75
2015-01-29,1955.0
2015-01-30,1929.25
2015-02-02,1953.5
2015-02-03,1983.0
2015-02-04,1975.25
2015-02-05,1996.75
2015-02-06,1990.0
2015-02-09,1980.5
2015-02-10,2002.5
2015-02-11,2004.0
2015-02-12,2023.75
2015-02-13,2032.75
2015-02-17,2036.5
2015-02-18,2036.25
2015-02-19,2034.5
2015-02-20,2047.25
2015-02-23,2046.5
2015-02-24,2053.25
2015-02-25,2050.75
2015-02-26,2048.5
2015-02-27,2041.5
2015-03-02,2054.75
2015-03-03,2045.5
2015-03-04,2036.75
2015-03-05,2038.75
2015-03-06,2008.75
2015-03-09,2017.75
2015-03-10,1983.75
2015-03-11,1979.25
2015-03-12,2005.0
2015-03-13,1992.75
2015-03-16,2020.75
2015-03-17,2013.5
2015-03-18,2038.5
2015-03-19,2028.0
2015-03-20,2047.75
2015-03-23,2043.75
2015-03-24,2031.0
2015-03-25,1999.75
2015-03-26,1995.25
2015-03-27,1999.5
2015-03-30,2025.25
2015-03-31,2007.0
2015-04-01,1999.75
2015-04-02,2006.0
2015-04-06,2021.0
2015-04-07,2015.0
2015-04-08,2022.25
2015-04-09,2031.75
2015-04-10,2042.5
2015-04-13,2033.0
2015-04-14,2037.0
2015-04-15,2046.75
2015-04-16,2045.75
2015-04-17,2021.0
2015-04-20,2040.75
2015-04-21,2038.5
2015-04-22,2048.75
2015-04-23,2054.25
2015-04-24,2058.75
2015-04-27,2049.75
2015-04-28,2056.5
2015-04-29,2047.5
2015-04-30,2025.75
2015-05-01,2048.75
2015-05-04,2055.75
2015-05-05,2030.5
2015-05-06,2021.75
2015-05-07,2030.5
2015-05-08,2058.0
2015-05-11,2047.75
2015-05-12,2041.25
2015-05-13,2042.0
2015-05-14,2063.75
2015-05-15,2066.25
2015-05-18,2072.25
2015-05-19,2071.75
2015-05-20,2070.25
2015-05-21,2076.25
2015-05-22,2071.5
2015-05-26,2048.75
2015-05-27,2068.5
2015-05-28,2066.25
2015-05-29,2052.5
2015-06-01,2057.0
2015-06-02,2054.75
2015-06-03,2060.75
2015-06-04,2043.0
2015-06-05,2039.0
2015-06-08,2025.75
2015-06-09,2025.25
2015-06-10,2050.5
2015-06-11,2057.0
2015-06-12,2040.0
2015-06-15,2031.0
2015-06-16,2043.0
2015-06-17,2046.75
2015-06-18,2068.5
2015-06-19,2055.0
2015-06-22,2069.75
2015-06-23,2071.0
2015-06-24,2055.0
2015-06-25,2048.0
2015-06-26,2048.5
2015-06-29,2003.75
2015-06-30,2008.0
2015-07-01,2024.25
2015-07-02,2022.0
2015-07-06,2016.0
2015-07-07,2029.25
2015-07-08,1994.0
2015-07-09,1998.25
2015-07-10,2024.25
2015-07-13,2047.5
2015-07-14,2056.5
2015-07-15,2056.25
2015-07-16,2072.25
2015-07-17,2074.0
2015-07-20,2075.5
2015-07-21,2066.75
2015-07-22,2062.5
2015-07-23,2050.75
2015-07-24,2028.5
2015-07-27,2016.25
2015-07-28,2041.75
2015-07-29,2056.25
2015-07-30,2056.5
2015-07-31,2053.5
2015-08-03,2046.0
2015-08-04,2042.0
2015-08-05,2049.5
2015-08-06,2033.5
2015-08-07,2027.5
2015-08-10,2054.75
2015-08-11,2034.75
2015-08-12,2037.5
2015-08-13,2034.75
2015-08-14,2042.25
2015-08-17,2054.25
2015-08-18,2048.0
2015-08-19,2031.5
2015-08-20,1987.25
2015-08-21,1923.5
2015-08-24,1841.25
2015-08-25,1819.75
2015-08-26,1893.0
2015-08-27,1940.75
2015-08-28,1940.5
2015-08-31,1923.0
2015-09-01,1862.5
2015-09-02,1901.75
2015-09-03,1902.75
2015-09-04,1872.75
2015-09-08,1922.5
2015-09-09,1894.75
2015-09-10,1906.0
2015-09-11,1914.75
2015-09-14,1907.25
2015-09-15,1932.75
2015-09-16,1949.25
2015-09-17,1944.5
2015-09-18,1910.5
2015-09-21,1922.0
2015-09-22,1895.5
2015-09-23,1892.5
2015-09-24,1886.0
2015-09-25,1885.5
2015-09-28,1836.0
2015-09-29,1837.5
2015-09-30,1873.5
2015-10-01,1878.25
2015-10-02,1906.75
2015-10-05,1942.25
2015-10-06,1935.25
2015-10-07,1952.25
2015-10-08,1969.75
2015-10-09,1971.5
2015-10-12,1973.25
2015-10-13,1959.75
2015-10-14,1950.5
2015-10-15,1981.25
2015-10-16,1989.25
2015-10-19,1991.25
2015-10-20,1988.75
2015-10-21,1976.25
2015-10-22,2010.25
2015-10-23,2033.5
2015-10-26,2028.25
2015-10-27,2024.25
2015-10-28,2048.0
2015-10-29,2047.0
2015-10-30,2037.0
2015-11-02,2062.0
2015-11-03,2067.75
2015-11-04,2062.0
2015-11-05,2059.0
2015-11-06,2058.0
2015-11-09,2038.25
2015-11-10,2042.5
2015-11-11,2034.75
2015-11-12,2006.25
2015-11-13,1983.0
2015-11-16,2013.75
2015-11-17,2011.5
2015-11-18,2045.0
2015-11-19,2043.0
2015-11-20,2051.5
2015-11-23,2048.25
2015-11-24,2051.75
2015-11-25,2051.0
2015-11-30,2044.5
2015-12-01,2065.25
2015-12-02,2042.75
2015-12-03,2013.5
2015-12-04,2053.75
2015-12-07,2040.5
2015-12-08,2027.25
2015-12-09,2010.75
2015-12-10,2015.75
2015-12-11,1975.0
2015-12-14,1987.0
2015-12-15,2008.25
2015-12-16,2037.75
2015-12-17,2005.5
2015-12-18,1967.25
2015-12-21,1985.0
2015-12-22,2004.0
2015-12-23,2029.75
2015-12-28,2020.75
2015-12-29,2043.5
2015-12-30,2028.25
2015-12-31,2007.75
2016-01-04,1977.75
2016-01-05,1982.5
2016-01-06,1956.0
2016-01-07,1908.0
2016-01-08,1886.75
2016-01-11,1888.25
2016-01-12,1904.0
2016-01-13,1855.5
2016-01-14,1886.25
2016-01-15,1844.75
2016-01-19,1847.5
2016-01-20,1825.0
2016-01-21,1834.25
2016-01-22,1872.5
2016-01-25,1844.0
2016-01-26,1869.25
2016-01-27,1848.5
2016-01-28,1858.5
2016-01-29,1904.25
2016-02-01,1903.75
2016-02-02,1868.25
2016-02-03,1879.0
2016-02-04,1882.75
2016-02-05,1846.5
2016-02-08,1820.5
2016-02-09,1820.75
2016-02-10,1820.0
2016-02-11,1797.25
2016-02-12,1833.5
2016-02-16,1864.5
2016-02-17,1895.75
2016-02-18,1887.5
2016-02-19,1887.25
2016-02-22,1914.75
2016-02-23,1890.75
2016-02-24,1899.0
2016-02-25,1922.25
2016-02-26,1918.25
2016-02-29,1901.5
2016-03-01,1948.75
2016-03-02,1956.75
2016-03-03,1964.5
2016-03-04,1970.5
2016-03-07,1972.75
2016-03-08,1950.75
2016-03-09,1961.25
2016-03-10,1962.0
2016-03-11,1994.25
2016-03-14,1991.75
2016-03-15,1988.75
2016-03-16,2000.75
2016-03-17,2013.5
2016-03-18,2021.75
2016-03-21,2023.75
2016-03-22,2023.5
2016-03-23,2009.75
2016-03-24,2009.0
2016-03-28,2010.0
2016-03-29,2029.0
2016-03-30,2038.5
2016-03-31,2033.25
2016-04-01,2046.75
2016-04-04,2040.5
2016-04-05,2019.75
2016-04-06,2042.0
2016-04-07,2017.0
2016-04-08,2023.0
2016-04-11,2017.5
2016-04-12,2037.5
2016-04-13,2058.0
2016-04-14,2058.25
2016-04-15,2056.0
2016-04-18,2070.75
2016-04-19,2076.75
2016-04-20,2078.75
2016-04-21,2067.5
2016-04-22,2068.25
2016-04-25,2064.5
2016-04-26,2068.0
2016-04-27,2071.5
2016-04-28,2052.75
2016-04-29,2041.0
2016-05-02,2057.5
2016-05-03,2039.0
2016-05-04,2027.0
2016-05-05,2026.75
2016-05-06,2034.25
2016-05-09,2036.0
2016-05-10,2061.5
2016-05-11,2042.5
2016-05-12,2042.75
2016-05-13,2024.5
2016-05-16,2045.0
2016-05-17,2025.75
2016-05-18,2026.25
2016-05-19,2018.75
2016-05-20,2031.25
2016-05-23,2028.25
2016-05-24,2055.25
2016-05-25,2069.25
2016-05-26,2070.0
2016-05-27,2079.0
2016-05-31,2075.25
2016-06-01,2079.25
2016-06-02,2085.5
2016-06-03,2079.5
2016-06-06,2090.25
2016-06-07,2093.5
2016-06-08,2100.25
2016-06-09,2096.75
2016-06-10,2077.75
2016-06-13,2061.5
2016-06-14,2058.5
2016-06-15,2055.0
2016-06-16,2061.75
2016-06-17,2053.75
2016-06-20,2067.0
2016-06-21,2072.0
2016-06-22,2068.25
2016-06-23,2096.5
2016-06-24,2019.25
2016-06-27,1982.5
2016-06-28,2018.5
2016-06-29,2053.75
2016-06-30,2082.75
2016-07-01,2085.75
2016-07-05,2071.5
2016-07-06,2084.75
2016-07-07,2082.25
2016-07-08,2114.25
2016-07-11,2121.75
2016-07-12,2137.0
2016-07-13,2137.25
2016-07-14,2148.5
2016-07-15,2146.0
2016-07-18,2152.25
2016-07-19,2149.5
2016-07-20,2158.75
2016-07-21,2150.25
2016-07-22,2160.25
2016-07-25,2154.75
2016-07-26,2155.25
2016-07-27,2153.5
2016-07-28,2156.0
2016-07-29,2159.0
2016-08-01,2156.5
2016-08-02,2143.25
2016-08-03,2149.75
2016-08-04,2151.75
2016-08-05,2169.5
2016-08-08,2168.0
2016-08-09,2169.25
2016-08-10,2164.0
2016-08-11,2174.25
2016-08-12,2171.75
2016-08-15,2178.75
2016-08-16,2167.25
2016-08-17,2170.75
2016-08-18,2176.25
2016-08-19,2173.0
2016-08-22,2172.25
2016-08-23,2176.5
2016-08-24,2165.75
2016-08-25,2163.25
2016-08-26,2159.75
2016-08-29,2171.0
2016-08-30,2166.75
2016-08-31,2160.25
2016-09-01,2160.5
2016-09-02,2170.5
2016-09-06,2177.25
2016-09-07,2176.75
2016-09-08,2171.25
2016-09-09,2118.75
2016-09-12,2149.75
2016-09-13,2118.0
2016-09-14,2117.0
2016-09-15,2138.25
2016-09-16,2129.0
2016-09-19,2129.5
2016-09-20,2130.25
2016-09-21,2153.75
2016-09-22,2167.25
2016-09-23,2155.5
2016-09-26,2137.5
2016-09-27,2151.0
2016-09-28,2162.5
2016-09-29,2142.0
2016-09-30,2158.75
2016-10-03,2151.75
2016-10-04,2142.0
2016-10-05,2151.5
2016-10-06,2153.0
2016-10-07,2145.25
2016-10-10,2155.75
2016-10-11,2129.25
2016-10-12,2132.0
2016-10-13,2125.0
2016-10-14,2125.5
2016-10-17,2118.75
2016-10-18,2131.5
2016-10-19,2137.0
2016-10-20,2133.25
2016-10-21,2133.75
2016-10-24,2142.75
2016-10-25,2136.25
2016-10-26,2132.0
2016-10-27,2126.25
2016-10-28,2119.5
2016-10-31,2119.0
2016-11-01,2104.0
2016-11-02,2090.75
2016-11-03,2082.0
2016-11-04,2079.0
2016-11-07,2125.0
2016-11-08,2134.75
2016-11-09,2157.75
2016-11-10,2162.5
2016-11-11,2158.5
2016-11-14,2159.0
2016-11-15,2176.0
2016-11-16,2172.75
2016-11-17,2183.0
2016-11-18,2178.25
2016-11-21,2194.25
2016-11-22,2198.5
2016-11-23,2200.5
2016-11-28,2198.5
2016-11-29,2202.25
2016-11-30,2196.75
2016-12-01,2188.5
2016-12-02,2189.75
2016-12-05,2202.25
2016-12-06,2209.75
2016-12-07,2238.5
2016-12-08,2244.0
2016-12-09,2258.25
2016-12-12,2255.5
2016-12-13,2270.5
2016-12-14,2252.5
2016-12-15,2261.25
2016-12-16,2257.75
2016-12-19,2262.25
2016-12-20,2271.0
2016-12-21,2264.75
2016-12-22,2260.5
2016-12-23,2263.0
2016-12-27,2268.25
2016-12-28,2249.25
2016-12-29,2248.75
2016-12-30,2240.75
2017-01-03,2256.25
2017-01-04,2268.75
2017-01-05,2267.25
2017-01-06,2276.0
2017-01-09,2268.5
2017-01-10,2268.0
2017-01-11,2274.25
2017-01-12,2269.0
2017-01-13,2273.75
2017-01-17,2266.0
2017-01-18,2270.5
2017-01-19,2263.0
2017-01-20,2270.25
2017-01-23,2265.0
2017-01-24,2279.25
2017-01-25,2298.25
2017-01-26,2296.75
2017-01-27,2293.5
2017-01-30,2279.5
2017-01-31,2279.0
2017-02-01,2279.0
2017-02-02,2280.5
2017-02-03,2296.0
2017-02-06,2292.0
2017-02-07,2291.75
2017-02-08,2294.75
2017-02-09,2308.0
2017-02-10,2316.75
2017-02-13,2329.5
2017-02-14,2339.5
2017-02-15,2350.75
2017-02-16,2349.75
2017-02-17,2352.5
2017-02-21,2366.5
2017-02-22,2364.5
2017-02-23,2366.25
2017-02-24,2369.5
2017-02-27,2373.0
2017-02-28,2366.5
2017-03-01,2399.0
2017-03-02,2384.25
2017-03-03,2385.75
2017-03-06,2378.5
2017-03-07,2371.5
2017-03-08,2366.75
2017-03-09,2369.0
2017-03-10,2377.25
2017-03-13,2378.25
2017-03-14,2369.75
2017-03-15,2389.0
2017-03-16,2385.0
2017-03-17,2380.25
2017-03-20,2377.25
2017-03-21,2347.5
2017-03-22,2352.5
2017-03-23,2349.75
2017-03-24,2348.75
2017-03-27,2345.25
2017-03-28,2362.25
2017-03-29,2364.75
2017-03-30,2371.75
2017-03-31,2366.0
2017-04-03,2362.0
2017-04-04,2363.75
2017-04-05,2355.75
2017-04-06,2361.75
2017-04-07,2359.75
2017-04-10,2361.0
2017-04-11,2357.5
2017-04-12,2348.5
2017-04-13,2332.75
2017-04-17,2352.75
2017-04-18,2345.5
2017-04-19,2341.5
2017-04-20,2360.0
2017-04-21,2352.75
2017-04-24,2378.0
2017-04-25,2392.0
2017-04-26,2390.75
2017-04-27,2392.25
2017-04-28,2387.75
2017-05-01,2392.75
2017-05-02,2394.0
2017-05-03,2391.0
2017-05-04,2393.25
2017-05-05,2402.75
2017-05-08,2402.25
2017-05-09,2400.0
2017-05-10,2403.5
2017-05-11,2399.0
2017-05-12,2395.25
2017-05-15,2407.25
2017-05-16,2405.75
2017-05-17,2363.25
2017-05-18,2372.0
2017-05-19,2387.25
2017-05-22,2399.5
2017-05-23,2404.5
2017-05-24,2409.75
2017-05-25,2420.75
2017-05-26,2421.25
2017-05-30,2418.75
2017-05-31,2417.75
2017-06-01,2436.75
2017-06-02,2444.5
2017-06-05,2442.75
2017-06-06,2435.75
2017-06-07,2439.25
2017-06-08,2440.75
2017-06-09,2437.25
2017-06-12,2436.25
2017-06-13,2448.0
2017-06-14,2445.0
2017-06-15,2440.25
2017-06-16,2440.0
2017-06-19,2460.0
2017-06-20,2444.0
2017-06-21,2442.75
2017-06-22,2441.25
2017-06-23,2445.0
2017-06-26,2445.75
2017-06-27,2426.5
2017-06-28,2447.5
2017-06-29,2426.25
2017-06-30,2430.0
2017-07-05,2439.25
2017-07-06,2417.0
2017-07-07,2432.5
2017-07-10,2435.0
2017-07-11,2433.0
2017-07-12,2451.0
2017-07-13,2455.0
2017-07-14,2466.25
2017-07-17,2465.75
2017-07-18,2467.5
2017-07-19,2480.5
2017-07-20,2481.25
2017-07-21,2479.25
2017-07-24,2478.5
2017-07-25,2484.25
2017-07-26,2484.5
2017-07-27,2482.25
2017-07-28,2478.5
2017-07-31,2477.0
2017-08-01,2482.5
2017-08-02,2483.5
2017-08-03,2479.0
2017-08-04,2483.0
2017-08-07,2487.5
2017-08-08,2481.5
2017-08-09,2480.75
2017-08-10,2446.25
2017-08-11,2449.0
2017-08-14,2473.0
2017-08-15,2473.0
2017-08-16,2476.75
2017-08-17,2438.5
2017-08-18,2434.0
2017-08-21,2436.25
2017-08-22,2460.75
2017-08-23,2452.25
2017-08-24,2447.25
2017-08-25,2452.0
2017-08-28,2452.5
2017-08-29,2455.0
2017-08-30,2466.5
2017-08-31,2480.0
2017-09-01,2484.75
2017-09-05,2466.5
2017-09-06,2474.75
2017-09-07,2474.25
2017-09-08,2470.5
2017-09-11,2496.75
2017-09-12,2505.5
2017-09-13,2506.5
2017-09-14,2505.5
2017-09-15,2508.75
2017-09-18,2513.5
2017-09-19,2516.25
2017-09-20,2517.25
2017-09-21,2510.25
2017-09-22,2510.0
2017-09-25,2505.25
2017-09-26,2506.25
2017-09-27,2516.0
2017-09-28,2518.5
2017-09-29,2526.75
2017-10-02,2537.5
2017-10-03,2543.25
2017-10-04,2546.5
2017-10-05,2560.75
2017-10-06,2558.0
2017-10-09,2553.75
2017-10-10,2560.5
2017-10-11,2564.25
2017-10-12,2560.0
2017-10-13,2563.0
2017-10-16,2566.75
2017-10-17,2568.5
2017-10-18,2570.5
2017-10-19,2571.75
2017-10-20,2584.0
2017-10-23,2574.75
2017-10-24,2578.75
2017-10-25,2566.25
2017-10-26,2568.75
2017-10-27,2589.75
2017-10-30,2580.25
2017-10-31,2583.5
2017-11-01,2587.25
2017-11-02,2588.0
2017-11-03,2596.25
2017-11-06,2599.25
2017-11-07,2598.25
2017-11-08,2602.75
2017-11-09,2593.25
2017-11-10,2591.5
2017-11-13,2594.25
2017-11-14,2588.25
2017-11-15,2574.75
2017-11-16,2596.5
2017-11-17,2588.75
2017-11-20,2593.0
2017-11-21,2609.25
2017-11-22,2607.0
2017-11-27,2611.75
2017-11-28,2637.75
2017-11-29,2636.75
2017-11-30,2658.25
2017-12-01,2653.0
2017-12-04,2649.75
2017-12-05,2640.5
2017-12-06,2640.5
2017-12-07,2649.0
2017-12-08,2663.25
2017-12-11,2671.75
2017-12-12,2676.0
2017-12-13,2675.5
2017-12-14,2664.0
2017-12-15,2686.0
2017-12-18,2703.0
2017-12-19,2692.75
2017-12-20,2691.25
2017-12-21,2697.0
2017-12-22,2697.25
2017-12-26,2695.75
2017-12-27,2693.25
2017-12-28,2695.25
2017-12-29,2685.5
2018-01-02,2704.25
2018-01-03,2720.75
2018-01-04,2732.25
2018-01-05,2749.5
2018-01-08,2755.0
2018-01-09,2761.25
2018-01-10,2757.25
2018-01-11,2776.75
2018-01-12,2795.0
2018-01-16,2786.0
2018-01-17,2813.0
2018-01-18,2808.75
2018-01-19,2821.0
2018-01-22,2843.75
2018-01-23,2849.0
2018-01-24,2847.75
2018-01-25,2848.5
2018-01-26,2881.5
2018-01-29,2861.75
2018-01-30,2832.0
2018-01-31,2834.5
2018-02-01,2830.25
2018-02-02,2768.5
2018-02-05,2653.25
2018-02-06,2703.25
2018-02-07,2687.5
2018-02-08,2586.75
2018-02-09,2627.0
2018-02-12,2662.5
2018-02-13,2670.0
2018-02-14,2707.25
2018-02-15,2739.75
2018-02-16,2740.75
2018-02-20,2723.75
2018-02-21,2708.75
2018-02-22,2711.75
2018-02-23,2755.75
2018-02-26,2788.0
2018-02-27,2752.25
2018-02-28,2721.5
2018-03-01,2684.5
2018-03-02,2698.5
2018-03-05,2729.5
2018-03-06,2736.0
2018-03-07,2735.0
2018-03-08,2747.25
2018-03-09,2795.0
2018-03-12,2791.5
2018-03-13,2773.25
2018-03-14,2758.25
2018-03-15,2755.25
2018-03-16,2757.5
2018-03-19,2719.75
2018-03-20,2724.0
2018-03-21,2718.5
2018-03-22,2649.0
2018-03-23,2591.75
2018-03-26,2664.0
2018-03-27,2617.0
2018-03-28,2608.75
2018-03-29,2645.75
2018-04-02,2583.5
2018-04-03,2617.75
2018-04-04,2648.25
2018-04-05,2666.0
2018-04-06,2606.25
2018-04-09,2617.5
2018-04-10,2660.25
2018-04-11,2646.25
2018-04-12,2667.5
2018-04-13,2660.25
2018-04-16,2682.0
2018-04-17,2710.0
2018-04-18,2712.25
2018-04-19,2697.0
2018-04-20,2674.25
2018-04-23,2673.5
2018-04-24,2637.5
2018-04-25,2642.5
2018-04-26,2669.75
2018-04-27,2672.75
2018-04-30,2650.0
2018-05-01,2655.75
2018-05-02,2637.25
2018-05-03,2631.0
2018-05-04,2665.25
2018-05-07,2674.0
2018-05-08,2673.75
2018-05-09,2700.0
2018-05-10,2724.75
2018-05-11,2730.75
2018-05-14,2733.5
2018-05-15,2714.5
2018-05-16,2726.25
2018-05-17,2723.75
2018-05-18,2716.5
2018-05-21,2736.25
2018-05-22,2728.75
2018-05-23,2736.25
2018-05-24,2730.5
2018-05-25,2723.75
2018-05-29,2692.5
2018-05-30,2728.0
2018-05-31,2708.5
2018-06-01,2737.75
2018-06-04,2750.25
2018-06-05,2753.0
2018-06-06,2776.0
2018-06-07,2773.75
2018-06-08,2782.5
2018-06-11,2786.25
2018-06-12,2790.75
2018-06-13,2780.25
2018-06-14,2788.0
2018-06-15,2784.75
2018-06-18,2777.75
2018-06-19,2766.25
2018-06-20,2771.0
2018-06-21,2753.0
2018-06-22,2757.5
2018-06-25,2720.0
2018-06-26,2725.0
2018-06-27,2701.75
2018-06-28,2718.25
2018-06-29,2720.75
2018-07-02,2727.25
2018-07-05,2738.5
2018-07-06,2761.75
2018-07-09,2786.5
2018-07-10,2795.75
2018-07-11,2776.25
2018-07-12,2799.75
2018-07-13,2802.5
2018-07-16,2800.5
2018-07-17,2811.75
2018-07-18,2817.0
2018-07-19,2806.0
2018-07-20,2803.0
2018-07-23,2808.25
2018-07-24,2821.25
2018-07-25,2847.25
2018-07-26,2838.0
2018-07-27,2820.0
2018-07-30,2803.75
2018-07-31,2817.0
2018-08-01,2813.25
2018-08-02,2826.75
2018-08-03,2840.5
2018-08-06,2850.5
2018-08-07,2859.0
2018-08-08,2858.0
2018-08-09,2853.5
2018-08-10,2833.75
2018-08-13,2822.75
2018-08-14,2840.75
2018-08-15,2819.25
2018-08-16,2842.5
2018-08-17,2851.5
2018-08-20,2858.25
2018-08-21,2863.5
2018-08-22,2862.75
2018-08-23,2858.0
2018-08-24,2875.5
2018-08-27,2897.75
2018-08-28,2899.0
2018-08-29,2914.75
2018-08-30,2901.5
2018-08-31,2901.25
2018-09-04,2897.25
2018-09-05,2889.25
2018-09-06,2880.0
2018-09-07,2873.5
2018-09-10,2878.75
2018-09-11,2889.0
2018-09-12,2888.75
2018-09-13,2905.0
2018-09-14,2905.75
2018-09-17,2889.75
2018-09-18,2906.0
2018-09-19,2909.0
2018-09-20,2931.5
2018-09-21,2929.25
2018-09-24,2919.25
2018-09-25,2915.5
2018-09-26,2906.75
2018-09-27,2914.25
2018-09-28,2913.75
2018-10-01,2924.0
2018-10-02,2922.75
2018-10-03,2925.0
2018-10-04,2901.0
2018-10-05,2885.0
2018-10-08,2884.5
2018-10-09,2880.75
2018-10-10,2787.25
2018-10-11,2726.25
2018-10-12,2763.5
2018-10-15,2747.5
2018-10-16,2805.75
2018-10-17,2806.75
2018-10-18,2766.5
2018-10-19,2764.0
2018-10-22,2752.25
2018-10-23,2736.25
2018-10-24,2652.5
2018-10-25,2701.5
2018-10-26,2652.0
2018-10-29,2637.5
2018-10-30,2677.75
2018-10-31,2706.5
2018-11-01,2733.75
2018-11-02,2716.5
2018-11-05,2732.75
2018-11-06,2749.5
2018-11-07,2808.0
2018-11-08,2802.25
2018-11-09,2775.75
2018-11-12,2722.25
2018-11-13,2717.25
2018-11-14,2698.5
2018-11-15,2726.5
2018-11-16,2732.75
2018-11-19,2687.25
2018-11-20,2637.0
2018-11-21,2645.25
2018-11-26,2668.5
2018-11-27,2677.25
2018-11-28,2739.25
2018-11-29,2733.5
2018-11-30,2750.75
2018-12-03,2785.5
2018-12-04,2698.25
2018-12-06,2691.5
2018-12-07,2628.25
2018-12-10,2632.25
2018-12-11,2632.5
2018-12-12,2646.25
2018-12-13,2644.5
2018-12-14,2595.25
2018-12-17,2543.0
2018-12-18,2540.0
2018-12-19,2498.5
2018-12-20,2458.75
2018-12-21,2406.75
2018-12-26,2459.5
2018-12-27,2482.25
2018-12-28,2477.5
2018-12-31,2500.75
2019-01-02,2502.0
2019-01-03,2439.25
2019-01-04,2524.0
2019-01-07,2541.75
2019-01-08,2565.75
2019-01-09,2577.25
2019-01-10,2588.0
2019-01-11,2587.25
2019-01-14,2572.5
2019-01-15,2601.75
2019-01-16,2607.25
2019-01-17,2627.25
2019-01-18,2661.75
2019-01-22,2627.0
2019-01-23,2630.5
2019-01-24,2632.75
2019-01-25,2654.25
2019-01-28,2633.75
2019-01-29,2630.0
2019-01-30,2671.75
2019-01-31,2694.0
2019-02-01,2695.75
2019-02-04,2714.75
2019-02-05,2726.5
2019-02-06,2722.25
2019-02-07,2695.75
2019-02-08,2698.75
2019-02-11,2700.25
2019-02-12,2735.25
2019-02-13,2743.5
2019-02-14,2736.75
2019-02-15,2767.0
2019-02-19,2771.25
2019-02-20,2777.0
2019-02-21,2766.5
2019-02-22,2783.5
2019-02-25,2787.5
2019-02-26,2785.25
2019-02-27,2783.75
2019-02-28,2776.25
2019-03-01,2795.75
2019-03-04,2784.5
2019-03-05,2781.25
2019-03-06,2763.0
2019-03-07,2740.25
2019-03-08,2734.25
2019-03-11,2774.0
2019-03-12,2783.5
2019-03-13,2802.5
2019-03-14,2800.0
2019-03-15,2814.25
2019-03-18,2825.0
2019-03-19,2826.25
2019-03-20,2815.75
2019-03-21,2847.0
2019-03-22,2792.25
2019-03-25,2789.75
2019-03-26,2809.5
2019-03-27,2796.25
2019-03-28,2806.0
2019-03-29,2824.5
2019-04-01,2857.25
2019-04-02,2857.75
2019-04-03,2863.0
2019-04-04,2869.25
2019-04-05,2882.5
2019-04-08,2885.0
2019-04-09,2870.0
2019-04-10,2879.5
2019-04-11,2878.5
2019-04-12,2898.5
2019-04-15,2896.25
2019-04-16,2898.0
2019-04-17,2890.0
2019-04-18,2895.0
2019-04-22,2897.75
2019-04-23,2923.0
2019-04-24,2916.5
2019-04-25,2914.25
2019-04-26,2928.0
2019-04-29,2931.25
2019-04-30,2932.75
2019-05-01,2911.0
2019-05-02,2905.0
2019-05-03,2932.0
2019-05-06,2920.0
2019-05-07,2871.25
2019-05-08,2866.25
2019-05-09,2857.25
2019-05-10,2870.25
2019-05-13,2798.75
2019-05-14,2822.25
2019-05-15,2839.25
2019-05-16,2864.25
2019-05-17,2846.75
2019-05-20,2827.25
2019-05-21,2852.5
2019-05-22,2843.75
2019-05-23,2808.75
2019-05-24,2814.25
2019-05-28,2787.5
2019-05-29,2769.0
2019-05-30,2775.25
2019-05-31,2738.0
2019-06-03,2730.0
2019-06-04,2789.5
2019-06-05,2813.5
2019-06-06,2831.25
2019-06-07,2860.0
2019-06-10,2873.0
2019-06-11,2872.5
2019-06-12,2867.0
2019-06-13,2879.5
2019-06-14,2874.5
2019-06-17,2876.75
2019-06-18,2905.5
2019-06-19,2913.0
2019-06-20,2940.5
2019-06-21,2937.0
2019-06-24,2932.5
2019-06-25,2904.0
2019-06-26,2900.5
2019-06-27,2910.0
2019-06-28,2925.25
2019-07-01,2950.25
2019-07-02,2958.5
2019-07-05,2977.0
2019-07-08,2961.75
2019-07-09,2965.5
2019-07-10,2979.0
2019-07-11,2985.5
2019-07-12,2999.25
2019-07-15,3000.0
2019-07-16,2989.25
2019-07-17,2969.25
2019-07-18,2979.5
2019-07-19,2961.75
2019-07-22,2969.75
2019-07-23,2989.75
2019-07-24,3003.75
2019-07-25,2988.5
2019-07-26,3009.0
2019-07-29,3003.75
2019-07-30,2996.5
2019-07-31,2961.75
2019-08-01,2936.0
2019-08-02,2914.0
2019-08-05,2826.0
2019-08-06,2863.25
2019-08-07,2865.75
2019-08-08,2920.75
2019-08-09,2900.75
2019-08-12,2865.25
2019-08-13,2909.0
2019-08-14,2823.0
2019-08-15,2830.0
2019-08-16,2872.0
2019-08-19,2906.5
2019-08-20,2883.5
2019-08-21,2907.0
2019-08-22,2905.5
2019-08-23,2829.5
2019-08-26,2861.5
2019-08-27,2850.25
2019-08-28,2870.25
2019-08-29,2906.75
2019-08-30,2905.0
2019-09-03,2888.25
2019-09-04,2920.0
2019-09-05,2958.5
2019-09-06,2960.75
2019-09-09,2961.5
2019-09-10,2961.5
2019-09-11,2982.5
2019-09-12,2992.0
2019-09-13,2989.75
2019-09-16,2980.25
2019-09-17,2988.25
2019-09-18,2989.25
2019-09-19,2988.25
2019-09-20,2972.25
2019-09-23,2973.5
2019-09-24,2948.5
2019-09-25,2966.75
2019-09-26,2959.75
2019-09-27,2943.0
2019-09-30,2957.75
2019-10-01,2920.5
2019-10-02,2868.0
2019-10-03,2890.75
2019-10-04,2930.75
2019-10-07,2918.0
2019-10-08,2871.75
2019-10-09,2898.5
2019-10-10,2918.5
2019-10-11,2948.75
2019-10-14,2946.0
2019-10-15,2975.25
2019-10-16,2970.25
2019-10-17,2977.75
2019-10-18,2965.25
2019-10-21,2986.0
2019-10-22,2975.25
2019-10-23,2983.75
2019-10-24,2988.75
2019-10-25,3000.75
2019-10-28,3017.75
2019-10-29,3015.75
2019-10-30,3025.0
2019-10-31,3015.75
2019-11-01,3044.5
2019-11-04,3056.25
2019-11-05,3052.75
2019-11-06,3054.0
2019-11-07,3064.5
2019-11-08,3072.0
2019-11-11,3065.75
2019-11-12,3071.25
2019-11-13,3072.5
2019-11-14,3076.0
2019-11-15,3099.25
2019-11-18,3101.0
2019-11-19,3099.5
2019-11-20,3088.25
2019-11-21,3082.75
2019-11-22,3089.75
2019-11-25,3113.25
2019-11-26,3119.5
2019-11-27,3133.5
2019-12-02,3094.5
2019-12-03,3073.25
2019-12-04,3093.0
2019-12-05,3098.25
2019-12-06,3126.0
2019-12-09,3116.25
2019-12-10,3113.0
2019-12-11,3122.0
2019-12-12,3148.5
2019-12-13,3149.25
2019-12-16,3172.5
2019-12-17,3172.0
2019-12-18,3173.25
2019-12-19,3186.75
2019-12-20,3200.5
2019-12-23,3202.75
2019-12-26,3218.75
2019-12-27,3218.0
2019-12-30,3199.25
2019-12-31,3206.25
2020-01-02,3235.0
2020-01-03,3210.75
2020-01-06,3223.0
2020-01-07,3213.5
2020-01-08,3230.25
2020-01-09,3252.0
2020-01-10,3242.25
2020-01-13,3265.0
2020-01-14,3260.0
2020-01-15,3267.25
2020-01-16,3294.0
2020-01-17,3305.0
2020-01-21,3297.75
2020-01-22,3298.0
2020-01-23,3301.75
2020-01-24,3271.0
2020-01-27,3217.75
2020-01-28,3252.5
2020-01-29,3249.25
2020-01-30,3259.25
2020-01-31,3199.0
2020-02-03,3223.5
2020-02-04,3272.5
2020-02-05,3310.25
2020-02-06,3321.0
2020-02-07,3303.25
2020-02-10,3328.0
2020-02-11,3333.5
2020-02-12,3355.0
2020-02-13,3351.0
2020-02-14,3356.0
2020-02-18,3346.75
2020-02-19,3362.75
2020-02-20,3348.75
2020-02-21,3313.5
2020-02-24,3202.0
2020-02-25,3104.25
2020-02-26,3092.5
2020-02-27,2950.75
2020-02-28,2940.5
2020-03-02,3066.25
2020-03-03,2977.25
2020-03-04,3103.75
2020-03-05,2998.0
2020-03-06,2946.5
2020-03-09,2712.75
2020-03-10,2857.5
2020-03-11,2714.75
2020-03-12,2446.25
2020-03-13,2680.25
2020-03-16,2365.25
2020-03-17,2519.0
2020-03-18,2381.5
2020-03-19,2387.0
2020-03-20,2272.25
2020-03-23,2206.25
2020-03-24,2421.5
2020-03-25,2454.75
2020-03-26,2597.5
2020-03-27,2520.25
2020-03-30,2603.0
2020-03-31,2561.25
2020-04-01,2445.0
2020-04-02,2504.25
2020-04-03,2467.75
2020-04-06,2635.5
2020-04-07,2638.25
2020-04-08,2726.75
2020-04-09,2768.25
2020-04-13,2741.5
2020-04-14,2825.75
2020-04-15,2763.25
2020-04-16,2777.25
2020-04-17,2853.25
2020-04-20,2801.75
2020-04-21,2715.75
2020-04-22,2777.5
2020-04-23,2776.5
2020-04-24,2816.75
2020-04-27,2857.75
2020-04-28,2844.25
2020-04-29,2918.5
2020-04-30,2889.75
2020-05-01,2812.25
2020-05-04,2821.75
2020-05-05,2847.25
2020-05-06,2828.0
2020-05-07,2862.25
2020-05-08,2910.0
2020-05-11,2910.75
2020-05-12,2851.5
2020-05-13,2801.75
2020-05-14,2835.25
2020-05-15,2847.5
2020-05-18,2935.0
2020-05-19,2904.75
2020-05-20,2954.75
2020-05-21,2932.25
2020-05-22,2939.0
2020-05-26,2976.5
2020-05-27,3020.0
2020-05-28,3015.0
2020-05-29,3026.75
2020-06-01,3041.25
2020-06-02,3066.5
2020-06-03,3107.75
2020-06-04,3098.5
2020-06-05,3178.0
2020-06-08,3218.25
2020-06-09,3194.25
2020-06-10,3175.5
2020-06-11,2991.75
2020-06-12,3027.75
2020-06-15,3055.75
2020-06-16,3116.25
2020-06-17,3102.0
2020-06-18,3103.0
2020-06-19,3084.5
2020-06-22,3106.0
2020-06-23,3119.75
2020-06-24,3040.25
2020-06-25,3072.75
2020-06-26,3001.75
2020-06-29,3043.5
2020-06-30,3083.75
